Symbol,Date,Open,High,Low,Close,Vol
ADBL,2012-01-01,115.0,115.0,113.0,114.0,"1,111"
ADBL,2012-01-02,114.0,118.0,115.0,118.0,551
ADBL,2012-01-03,118.0,116.0,114.0,115.0,490
ADBL,2012-01-04,115.0,115.0,113.0,114.0,"3,220"
ADBL,2012-01-05,114.0,114.0,112.0,113.0,775
ADBL,2012-01-08,113.0,115.0,113.0,114.0,"3,240"
ADBL,2012-01-09,114.0,113.0,111.0,111.0,"1,710"
ADBL,2012-01-10,113.0,114.0,112.0,112.0,549
ADBL,2012-01-11,112.0,112.0,111.0,112.0,"2,477"
ADBL,2012-01-12,112.0,112.0,110.0,112.0,"3,102"
ADBL,2012-01-16,112.0,112.0,111.0,111.0,"1,049"
ADBL,2012-01-17,111.0,114.0,110.0,113.0,866
ADBL,2012-01-18,113.0,118.0,114.0,118.0,"2,190"
ADBL,2012-01-19,118.0,117.0,115.0,117.0,411
ADBL,2012-01-22,117.0,118.0,115.0,117.0,"4,484"
ADBL,2012-01-23,117.0,115.0,111.0,112.0,"1,650"
ADBL,2012-01-25,112.0,114.0,111.0,114.0,"1,170"
ADBL,2012-01-26,114.0,114.0,110.0,112.0,"1,060"
ADBL,2012-01-29,112.0,114.0,111.0,112.0,"4,200"
ADBL,2012-01-31,112.0,114.0,110.0,110.0,"2,291"
ADBL,2012-02-01,110.0,113.0,110.0,111.0,"1,833"
ADBL,2012-02-02,111.0,113.0,111.0,111.0,"3,946"
ADBL,2012-02-05,111.0,111.0,109.0,110.0,"1,611"
ADBL,2012-02-06,110.0,111.0,110.0,111.0,992
ADBL,2012-02-07,111.0,110.0,107.0,110.0,"2,091"
ADBL,2012-02-08,110.0,110.0,109.0,110.0,386
ADBL,2012-02-09,110.0,110.0,109.0,109.0,920
ADBL,2012-02-12,109.0,109.0,108.0,109.0,"1,309"
ADBL,2012-02-13,109.0,111.0,107.0,108.0,"1,992"
ADBL,2012-02-14,108.0,110.0,107.0,109.0,"1,961"
ADBL,2012-02-15,109.0,111.0,110.0,111.0,276
ADBL,2012-02-16,111.0,109.0,107.0,108.0,550
ADBL,2012-02-21,108.0,109.0,108.0,109.0,631
ADBL,2012-02-23,109.0,109.0,107.0,109.0,"1,230"
ADBL,2012-02-26,109.0,109.0,105.0,107.0,"2,747"
ADBL,2012-02-27,107.0,109.0,107.0,108.0,"1,285"
ADBL,2012-02-28,108.0,110.0,107.0,109.0,"2,204"
ADBL,2012-02-29,109.0,109.0,108.0,108.0,"1,030"
ADBL,2012-03-01,108.0,109.0,107.0,108.0,"2,300"
ADBL,2012-03-04,108.0,109.0,104.0,109.0,"1,451"
ADBL,2012-03-05,109.0,109.0,107.0,107.0,460
ADBL,2012-03-06,107.0,107.0,105.0,105.0,"2,124"
ADBL,2012-03-11,105.0,106.0,105.0,106.0,754
ADBL,2012-03-12,106.0,107.0,102.0,106.0,"1,022"
ADBL,2012-03-13,106.0,106.0,104.0,104.0,"1,321"
ADBL,2012-03-14,104.0,105.0,103.0,103.0,793
ADBL,2012-03-15,103.0,103.0,101.0,103.0,842
ADBL,2012-03-18,103.0,103.0,101.0,103.0,"1,003"
ADBL,2012-03-19,103.0,105.0,102.0,102.0,311
ADBL,2012-03-20,102.0,103.0,101.0,101.0,"4,107"
ADBL,2012-03-21,101.0,106.0,101.0,104.0,"1,257"
ADBL,2012-03-25,104.0,106.0,102.0,106.0,920
ADBL,2012-03-26,106.0,107.0,103.0,107.0,"2,082"
ADBL,2012-03-27,107.0,105.0,102.0,103.0,270
ADBL,2012-03-28,103.0,106.0,104.0,106.0,"1,615"
ADBL,2012-03-29,106.0,108.0,105.0,105.0,"1,395"
ADBL,2012-04-01,105.0,106.0,105.0,106.0,"1,762"
ADBL,2012-04-02,106.0,106.0,104.0,105.0,"1,275"
ADBL,2012-04-03,105.0,106.0,106.0,106.0,680
ADBL,2012-04-04,106.0,106.0,105.0,105.0,"3,550"
ADBL,2012-04-05,105.0,106.0,105.0,106.0,680
ADBL,2012-04-08,106.0,106.0,105.0,106.0,"1,051"
ADBL,2012-04-09,106.0,107.0,105.0,106.0,921
ADBL,2012-04-10,106.0,106.0,104.0,106.0,"1,313"
ADBL,2012-04-11,106.0,110.0,107.0,107.0,"2,180"
ADBL,2012-04-12,107.0,114.0,108.0,114.0,683
ADBL,2012-04-15,114.0,124.0,116.0,123.0,"2,514"
ADBL,2012-04-16,123.0,135.0,125.0,135.0,833
ADBL,2012-04-17,135.0,133.0,130.0,130.0,"1,789"
ADBL,2012-04-18,130.0,128.0,120.0,124.0,"3,301"
ADBL,2012-04-19,124.0,128.0,120.0,122.0,"4,668"
ADBL,2012-04-22,122.0,124.0,122.0,123.0,"1,560"
ADBL,2012-04-24,123.0,129.0,125.0,129.0,100
ADBL,2012-04-25,129.0,135.0,135.0,135.0,70
ADBL,2012-04-26,135.0,148.0,137.0,148.0,"8,831"
ADBL,2012-04-29,148.0,159.0,141.0,150.0,"8,923"
ADBL,2012-04-30,150.0,153.0,135.0,140.0,"5,694"
ADBL,2012-05-02,140.0,140.0,128.0,128.0,980
ADBL,2012-05-03,128.0,132.0,130.0,132.0,241
ADBL,2012-05-07,132.0,134.0,134.0,134.0,183
ADBL,2012-05-08,134.0,142.0,136.0,142.0,"2,332"
ADBL,2012-05-09,142.0,148.0,133.0,142.0,"7,062"
ADBL,2012-05-10,142.0,142.0,129.0,139.0,"11,243"
ADBL,2012-05-13,139.0,137.0,130.0,132.0,"3,133"
ADBL,2012-05-14,132.0,130.0,121.0,125.0,"5,092"
ADBL,2012-05-15,125.0,137.0,127.0,137.0,696
ADBL,2012-05-16,137.0,139.0,139.0,139.0,150
ADBL,2012-05-17,139.0,147.0,141.0,141.0,"6,469"
ADBL,2012-05-20,141.0,142.0,134.0,139.0,"6,548"
ADBL,2012-05-21,139.0,145.0,138.0,139.0,"3,222"
ADBL,2012-05-22,139.0,143.0,133.0,143.0,"8,963"
ADBL,2012-05-23,143.0,141.0,133.0,133.0,905
ADBL,2012-05-24,133.0,143.0,133.0,143.0,"7,754"
ADBL,2012-05-27,143.0,153.0,140.0,148.0,"6,836"
ADBL,2012-05-29,148.0,146.0,134.0,134.0,"3,959"
ADBL,2012-05-30,134.0,132.0,121.0,121.0,"4,480"
ADBL,2012-05-31,121.0,128.0,119.0,128.0,"1,231"
ADBL,2012-06-03,128.0,140.0,125.0,140.0,"1,647"
ADBL,2012-06-04,140.0,141.0,130.0,133.0,"3,705"
ADBL,2012-06-05,133.0,135.0,131.0,133.0,"2,968"
ADBL,2012-06-06,133.0,131.0,125.0,126.0,"1,331"
ADBL,2012-06-07,126.0,134.0,122.0,131.0,"2,120"
ADBL,2012-06-10,131.0,140.0,133.0,138.0,"8,139"
ADBL,2012-06-11,138.0,142.0,136.0,140.0,"4,583"
ADBL,2012-06-12,140.0,142.0,139.0,140.0,"4,983"
ADBL,2012-06-13,140.0,146.0,138.0,141.0,"8,518"
ADBL,2012-06-14,141.0,139.0,133.0,136.0,"1,912"
ADBL,2012-06-17,136.0,136.0,128.0,134.0,"2,426"
ADBL,2012-06-18,134.0,133.0,130.0,133.0,"2,589"
ADBL,2012-06-19,133.0,133.0,131.0,132.0,"1,549"
ADBL,2012-06-20,132.0,136.0,132.0,134.0,"1,361"
ADBL,2012-06-21,134.0,137.0,135.0,136.0,"1,170"
ADBL,2012-06-25,136.0,140.0,133.0,140.0,"1,760"
ADBL,2012-06-26,140.0,138.0,134.0,136.0,"2,036"
ADBL,2012-06-27,136.0,140.0,132.0,140.0,"2,422"
ADBL,2012-06-28,140.0,142.0,139.0,140.0,"2,876"
ADBL,2012-07-01,140.0,142.0,140.0,142.0,"3,643"
ADBL,2012-07-02,142.0,145.0,140.0,141.0,"3,256"
ADBL,2012-07-03,141.0,141.0,140.0,141.0,880
ADBL,2012-07-04,141.0,146.0,140.0,146.0,"3,868"
ADBL,2012-07-05,146.0,145.0,142.0,145.0,"3,056"
ADBL,2012-07-08,145.0,148.0,143.0,144.0,"2,338"
ADBL,2012-07-09,144.0,150.0,144.0,148.0,"3,893"
ADBL,2012-07-10,148.0,153.0,148.0,150.0,"3,747"
ADBL,2012-07-11,150.0,152.0,148.0,152.0,"3,631"
ADBL,2012-07-12,152.0,156.0,149.0,151.0,"3,977"
ADBL,2012-07-15,151.0,156.0,151.0,156.0,"1,722"
ADBL,2012-07-16,156.0,162.0,150.0,162.0,"12,898"
ADBL,2012-07-17,162.0,175.0,161.0,171.0,"12,061"
ADBL,2012-07-18,171.0,186.0,170.0,186.0,"8,985"
ADBL,2012-07-19,186.0,198.0,176.0,198.0,"21,519"
ADBL,2012-07-22,198.0,200.0,187.0,192.0,"19,689"
ADBL,2012-07-23,192.0,198.0,189.0,190.0,"13,375"
ADBL,2012-07-24,190.0,190.0,181.0,190.0,"7,364"
ADBL,2012-07-25,190.0,187.0,181.0,184.0,"10,548"
ADBL,2012-07-26,184.0,181.0,175.0,177.0,"4,910"
ADBL,2012-07-29,177.0,174.0,161.0,166.0,"4,932"
ADBL,2012-07-30,166.0,172.0,163.0,171.0,"7,450"
ADBL,2012-07-31,171.0,182.0,168.0,176.0,"4,757"
ADBL,2012-08-01,176.0,182.0,174.0,180.0,"6,479"
ADBL,2012-08-05,180.0,184.0,178.0,181.0,"4,178"
ADBL,2012-08-06,181.0,183.0,180.0,181.0,"5,741"
ADBL,2012-08-07,181.0,184.0,174.0,176.0,"4,255"
ADBL,2012-08-08,176.0,179.0,170.0,179.0,"6,744"
ADBL,2012-08-12,179.0,179.0,167.0,171.0,"3,111"
ADBL,2012-08-13,171.0,168.0,160.0,168.0,"3,464"
ADBL,2012-08-14,168.0,168.0,165.0,166.0,"1,990"
ADBL,2012-08-15,166.0,166.0,161.0,163.0,"4,533"
ADBL,2012-08-16,163.0,176.0,166.0,170.0,"5,649"
ADBL,2012-08-19,170.0,175.0,170.0,173.0,"5,601"
ADBL,2012-08-21,173.0,175.0,164.0,166.0,"5,218"
ADBL,2012-08-22,166.0,167.0,161.0,165.0,"4,219"
ADBL,2012-08-23,165.0,167.0,162.0,165.0,"3,162"
ADBL,2012-08-26,165.0,174.0,165.0,173.0,"10,162"
ADBL,2012-08-27,173.0,177.0,174.0,175.0,"3,340"
ADBL,2012-08-28,175.0,180.0,173.0,177.0,"7,405"
ADBL,2012-08-29,177.0,176.0,173.0,176.0,"6,758"
ADBL,2012-08-30,176.0,173.0,170.0,171.0,"1,905"
ADBL,2012-09-02,171.0,172.0,170.0,171.0,"2,866"
ADBL,2012-09-03,171.0,175.0,171.0,171.0,"4,178"
ADBL,2012-09-04,171.0,170.0,168.0,170.0,"5,642"
ADBL,2012-09-05,170.0,172.0,170.0,170.0,"2,370"
ADBL,2012-09-06,170.0,171.0,170.0,170.0,"7,102"
ADBL,2012-09-09,170.0,172.0,170.0,171.0,"5,013"
ADBL,2012-09-10,171.0,172.0,166.0,172.0,"5,097"
ADBL,2012-09-11,172.0,172.0,170.0,172.0,"1,662"
ADBL,2012-09-12,172.0,172.0,171.0,171.0,"3,222"
ADBL,2012-09-13,171.0,173.0,171.0,173.0,"2,968"
ADBL,2012-09-16,173.0,175.0,172.0,175.0,"3,274"
ADBL,2012-09-17,175.0,177.0,173.0,177.0,"3,239"
ADBL,2012-09-18,177.0,183.0,175.0,180.0,"2,338"
ADBL,2012-09-19,180.0,182.0,177.0,182.0,"10,568"
ADBL,2012-09-20,182.0,181.0,179.0,180.0,"8,013"
ADBL,2012-09-23,180.0,182.0,177.0,180.0,"7,991"
ADBL,2012-09-24,180.0,180.0,177.0,177.0,160
ADBL,2012-09-25,177.0,176.0,172.0,175.0,"4,295"
ADBL,2012-09-26,175.0,177.0,172.0,177.0,"6,587"
ADBL,2012-09-30,174.0,175.0,173.0,175.0,"5,747"
ADBL,2012-10-01,175.0,176.0,173.0,175.0,"4,962"
ADBL,2012-10-01,175.0,176.0,173.0,175.0,"4,962"
ADBL,2012-10-02,175.0,176.0,175.0,175.0,"2,888"
ADBL,2012-10-03,175.0,176.0,172.0,176.0,"2,684"
ADBL,2012-10-04,176.0,177.0,175.0,175.0,"2,620"
ADBL,2012-10-07,175.0,178.0,175.0,175.0,"3,211"
ADBL,2012-10-08,175.0,176.0,175.0,175.0,"3,157"
ADBL,2012-10-09,175.0,176.0,175.0,175.0,"5,229"
ADBL,2012-10-10,175.0,181.0,175.0,176.0,"3,367"
ADBL,2012-10-11,176.0,177.0,175.0,175.0,"7,164"
ADBL,2012-10-14,175.0,178.0,175.0,177.0,"3,698"
ADBL,2012-10-15,177.0,177.0,175.0,176.0,"2,449"
ADBL,2012-10-17,176.0,178.0,178.0,178.0,517
ADBL,2012-10-18,178.0,179.0,176.0,178.0,"1,405"
ADBL,2012-10-30,178.0,183.0,176.0,183.0,"1,294"
ADBL,2012-10-31,183.0,189.0,180.0,182.0,"2,858"
ADBL,2012-11-01,182.0,182.0,180.0,182.0,"2,402"
ADBL,2012-11-04,182.0,190.0,179.0,186.0,"3,923"
ADBL,2012-11-05,186.0,191.0,180.0,188.0,"2,610"
ADBL,2012-11-06,188.0,190.0,187.0,188.0,"3,708"
ADBL,2012-11-07,188.0,199.0,184.0,195.0,"4,246"
ADBL,2012-11-08,195.0,201.0,194.0,194.0,"3,508"
ADBL,2012-11-11,194.0,200.0,191.0,194.0,"2,797"
ADBL,2012-11-12,194.0,196.0,192.0,196.0,"3,161"
ADBL,2012-11-18,196.0,209.0,195.0,202.0,"4,897"
ADBL,2012-11-20,202.0,210.0,199.0,204.0,"3,585"
ADBL,2012-11-21,204.0,208.0,200.0,205.0,"7,505"
ADBL,2012-11-22,205.0,206.0,200.0,205.0,"12,951"
ADBL,2012-11-25,205.0,216.0,206.0,211.0,"7,730"
ADBL,2012-11-26,211.0,209.0,203.0,208.0,"6,583"
ADBL,2012-11-27,208.0,209.0,203.0,203.0,"3,234"
ADBL,2012-11-28,203.0,211.0,200.0,208.0,"5,510"
ADBL,2012-11-29,208.0,208.0,206.0,207.0,"2,261"
ADBL,2012-12-02,207.0,207.0,200.0,201.0,"4,800"
ADBL,2012-12-03,201.0,206.0,200.0,203.0,"4,633"
ADBL,2012-12-04,203.0,210.0,203.0,204.0,"3,519"
ADBL,2012-12-05,204.0,212.0,205.0,208.0,"5,953"
ADBL,2012-12-06,208.0,208.0,206.0,206.0,"1,830"
ADBL,2012-12-09,206.0,205.0,200.0,204.0,"5,198"
ADBL,2012-12-10,204.0,202.0,200.0,201.0,"4,919"
ADBL,2012-12-11,201.0,205.0,201.0,205.0,"3,414"
ADBL,2012-12-12,205.0,205.0,201.0,203.0,"4,574"
ADBL,2012-12-13,203.0,208.0,204.0,208.0,"3,290"
ADBL,2012-12-16,208.0,224.0,207.0,215.0,"5,244"
ADBL,2012-12-17,215.0,220.0,215.0,218.0,"3,328"
ADBL,2012-12-18,218.0,216.0,203.0,215.0,"5,273"
ADBL,2012-12-19,215.0,218.0,211.0,216.0,"8,116"
ADBL,2012-12-20,216.0,218.0,209.0,209.0,"5,727"
ADBL,2012-12-23,209.0,217.0,205.0,213.0,"7,171"
ADBL,2012-12-24,213.0,230.0,213.0,228.0,"3,500"
ADBL,2012-12-26,228.0,240.0,228.0,238.0,"6,219"
ADBL,2012-12-27,238.0,255.0,231.0,250.0,"4,877"
ADBL,2012-12-31,250.0,249.0,233.0,240.0,"14,630"
ADBL,2013-01-01,240.0,241.0,233.0,238.0,"7,961"
ADBL,2013-01-02,238.0,242.0,233.0,242.0,"5,628"
ADBL,2013-01-03,242.0,250.0,235.0,246.0,"10,342"
ADBL,2013-01-06,246.0,245.0,238.0,241.0,"6,384"
ADBL,2013-01-07,241.0,241.0,237.0,241.0,"6,744"
ADBL,2013-01-08,241.0,244.0,234.0,239.0,"7,156"
ADBL,2013-01-09,239.0,240.0,233.0,238.0,"3,658"
ADBL,2013-01-10,238.0,243.0,234.0,243.0,"3,936"
ADBL,2013-01-13,243.0,241.0,235.0,240.0,"5,314"
ADBL,2013-01-15,240.0,264.0,240.0,264.0,"14,770"
ADBL,2013-01-16,264.0,287.0,252.0,270.0,"19,323"
ADBL,2013-01-17,270.0,271.0,250.0,254.0,"5,818"
ADBL,2013-01-20,254.0,251.0,242.0,247.0,"2,655"
ADBL,2013-01-21,247.0,255.0,244.0,251.0,"6,088"
ADBL,2013-01-22,251.0,265.0,250.0,261.0,"7,109"
ADBL,2013-01-23,261.0,262.0,257.0,260.0,"4,532"
ADBL,2013-01-24,260.0,260.0,252.0,252.0,"4,722"
ADBL,2013-01-28,250.0,249.0,242.0,243.0,"6,464"
ADBL,2013-01-30,243.0,243.0,240.0,242.0,"5,603"
ADBL,2013-01-31,242.0,246.0,233.0,236.0,"2,997"
ADBL,2013-02-03,236.0,248.0,236.0,241.0,"4,519"
ADBL,2013-02-04,241.0,242.0,236.0,242.0,"2,909"
ADBL,2013-02-05,242.0,243.0,240.0,242.0,"2,382"
ADBL,2013-02-06,242.0,242.0,236.0,238.0,"2,204"
ADBL,2013-02-07,238.0,240.0,237.0,240.0,"2,011"
ADBL,2013-02-10,240.0,244.0,238.0,244.0,"4,273"
ADBL,2013-02-12,244.0,255.0,244.0,250.0,"1,951"
ADBL,2013-02-13,250.0,255.0,242.0,245.0,"1,862"
ADBL,2013-02-14,245.0,253.0,245.0,251.0,"4,871"
ADBL,2013-02-17,251.0,276.0,256.0,276.0,450
ADBL,2013-02-19,276.0,281.0,257.0,260.0,"6,905"
ADBL,2013-02-20,260.0,255.0,250.0,250.0,"5,135"
ADBL,2013-02-21,250.0,255.0,244.0,250.0,"3,237"
ADBL,2013-02-24,250.0,251.0,244.0,250.0,"2,131"
ADBL,2013-02-25,250.0,255.0,246.0,255.0,"2,352"
ADBL,2013-02-26,255.0,260.0,245.0,250.0,"2,202"
ADBL,2013-02-27,250.0,250.0,245.0,250.0,"3,682"
ADBL,2013-02-28,250.0,252.0,249.0,250.0,"9,283"
ADBL,2013-03-03,250.0,255.0,248.0,250.0,"7,283"
ADBL,2013-03-04,250.0,255.0,250.0,250.0,"2,021"
ADBL,2013-03-05,250.0,254.0,249.0,252.0,"1,333"
ADBL,2013-03-06,252.0,257.0,250.0,256.0,"5,661"
ADBL,2013-03-07,256.0,266.0,252.0,260.0,"8,671"
ADBL,2013-03-11,260.0,263.0,257.0,260.0,"5,405"
ADBL,2013-03-13,260.0,275.0,259.0,270.0,"5,687"
ADBL,2013-03-14,270.0,275.0,262.0,265.0,"9,300"
ADBL,2013-03-17,265.0,265.0,255.0,260.0,"5,629"
ADBL,2013-03-18,260.0,257.0,252.0,256.0,"4,336"
ADBL,2013-03-19,256.0,261.0,255.0,260.0,"5,473"
ADBL,2013-03-20,260.0,256.0,252.0,253.0,"1,903"
ADBL,2013-03-21,253.0,252.0,245.0,250.0,"3,174"
ADBL,2013-03-24,250.0,247.0,242.0,245.0,"2,999"
ADBL,2013-03-25,245.0,250.0,241.0,248.0,"3,862"
ADBL,2013-03-27,248.0,249.0,245.0,247.0,"2,307"
ADBL,2013-03-28,247.0,248.0,243.0,246.0,"3,297"
ADBL,2013-03-31,246.0,246.0,238.0,240.0,"7,670"
ADBL,2013-04-01,240.0,245.0,235.0,242.0,"6,103"
ADBL,2013-04-02,242.0,246.0,241.0,246.0,"5,576"
ADBL,2013-04-03,246.0,250.0,245.0,245.0,"3,462"
ADBL,2013-04-04,245.0,245.0,242.0,244.0,"1,588"
ADBL,2013-04-07,244.0,246.0,244.0,246.0,"2,378"
ADBL,2013-04-08,246.0,248.0,244.0,244.0,"1,805"
ADBL,2013-04-09,244.0,247.0,243.0,245.0,"2,150"
ADBL,2013-04-11,245.0,247.0,245.0,245.0,"2,923"
ADBL,2013-04-15,245.0,245.0,240.0,241.0,"1,467"
ADBL,2013-04-16,241.0,244.0,240.0,241.0,"2,711"
ADBL,2013-04-17,241.0,246.0,238.0,243.0,"2,336"
ADBL,2013-04-18,243.0,243.0,240.0,240.0,"2,324"
ADBL,2013-04-21,240.0,238.0,235.0,235.0,"3,138"
ADBL,2013-04-22,235.0,235.0,227.0,235.0,"3,428"
ADBL,2013-04-23,235.0,239.0,235.0,238.0,"2,531"
ADBL,2013-04-25,238.0,234.0,225.0,230.0,"1,360"
ADBL,2013-04-28,230.0,229.0,226.0,226.0,"1,623"
ADBL,2013-04-29,226.0,232.0,226.0,227.0,"2,263"
ADBL,2013-04-30,227.0,230.0,225.0,230.0,"3,425"
ADBL,2013-05-02,230.0,230.0,218.0,221.0,"2,410"
ADBL,2013-05-05,221.0,227.0,211.0,211.0,"2,917"
ADBL,2013-05-06,211.0,207.0,201.0,203.0,"2,272"
ADBL,2013-05-07,203.0,218.0,203.0,215.0,"1,989"
ADBL,2013-05-08,215.0,217.0,212.0,215.0,"1,152"
ADBL,2013-05-09,215.0,212.0,207.0,210.0,480
ADBL,2013-05-12,210.0,220.0,210.0,216.0,"2,755"
ADBL,2013-05-13,216.0,221.0,217.0,221.0,"1,666"
ADBL,2013-05-14,221.0,223.0,219.0,222.0,"2,285"
ADBL,2013-05-15,222.0,234.0,220.0,234.0,"1,507"
ADBL,2013-05-16,234.0,232.0,230.0,232.0,862
ADBL,2013-05-19,232.0,228.0,222.0,222.0,"1,205"
ADBL,2013-05-20,222.0,226.0,218.0,223.0,"1,461"
ADBL,2013-05-21,223.0,239.0,225.0,235.0,"8,468"
ADBL,2013-05-22,235.0,239.0,230.0,232.0,"2,936"
ADBL,2013-05-23,232.0,228.0,218.0,218.0,"2,170"
ADBL,2013-05-26,218.0,224.0,217.0,221.0,"2,433"
ADBL,2013-05-27,221.0,228.0,220.0,225.0,"1,307"
ADBL,2013-05-28,225.0,231.0,222.0,225.0,"1,841"
ADBL,2013-05-30,225.0,228.0,224.0,226.0,"3,965"
ADBL,2013-06-02,226.0,230.0,222.0,223.0,"2,959"
ADBL,2013-06-03,223.0,225.0,222.0,225.0,"2,001"
ADBL,2013-06-04,225.0,230.0,224.0,225.0,"5,887"
ADBL,2013-06-05,225.0,226.0,223.0,225.0,"3,773"
ADBL,2013-06-06,225.0,229.0,220.0,221.0,"5,457"
ADBL,2013-06-09,221.0,223.0,218.0,220.0,"1,275"
ADBL,2013-06-10,220.0,221.0,214.0,215.0,"1,674"
ADBL,2013-06-11,215.0,217.0,213.0,213.0,"4,959"
ADBL,2013-06-12,213.0,215.0,209.0,213.0,938
ADBL,2013-06-13,213.0,210.0,205.0,206.0,"2,734"
ADBL,2013-06-16,206.0,214.0,205.0,205.0,"3,116"
ADBL,2013-06-17,205.0,206.0,201.0,206.0,"3,177"
ADBL,2013-06-18,206.0,205.0,202.0,203.0,"3,775"
ADBL,2013-06-19,203.0,204.0,200.0,204.0,"2,193"
ADBL,2013-06-20,204.0,204.0,200.0,202.0,"2,914"
ADBL,2013-06-23,202.0,205.0,200.0,202.0,"3,944"
ADBL,2013-06-24,202.0,204.0,200.0,204.0,"2,863"
ADBL,2013-06-25,204.0,212.0,201.0,212.0,"1,591"
ADBL,2013-06-26,212.0,214.0,209.0,210.0,"2,267"
ADBL,2013-06-27,210.0,209.0,202.0,204.0,"2,462"
ADBL,2013-06-30,204.0,204.0,200.0,204.0,"4,074"
ADBL,2013-07-01,204.0,204.0,201.0,204.0,"8,440"
ADBL,2013-07-02,204.0,214.0,202.0,214.0,"6,663"
ADBL,2013-07-03,214.0,223.0,214.0,217.0,"8,503"
ADBL,2013-07-04,217.0,218.0,212.0,216.0,"2,654"
ADBL,2013-07-07,216.0,213.0,208.0,212.0,"1,944"
ADBL,2013-07-08,212.0,213.0,210.0,213.0,"1,314"
ADBL,2013-07-09,213.0,216.0,212.0,216.0,"4,180"
ADBL,2013-07-10,216.0,217.0,215.0,215.0,906
ADBL,2013-07-11,215.0,217.0,210.0,211.0,"1,952"
ADBL,2013-07-14,211.0,213.0,211.0,213.0,849
ADBL,2013-07-15,213.0,216.0,211.0,212.0,520
ADBL,2013-07-16,212.0,213.0,208.0,212.0,"1,405"
ADBL,2013-07-17,212.0,218.0,209.0,218.0,833
ADBL,2013-07-18,218.0,218.0,211.0,215.0,"3,565"
ADBL,2013-07-21,215.0,222.0,211.0,220.0,"1,576"
ADBL,2013-07-22,220.0,219.0,213.0,219.0,"3,960"
ADBL,2013-07-23,219.0,220.0,215.0,220.0,"2,380"
ADBL,2013-07-24,219.0,220.0,216.0,220.0,"3,875"
ADBL,2013-07-25,220.0,221.0,217.0,220.0,"6,133"
ADBL,2013-07-28,220.0,220.0,217.0,219.0,"2,271"
ADBL,2013-07-29,219.0,222.0,218.0,220.0,"6,445"
ADBL,2013-07-30,220.0,226.0,213.0,222.0,"4,366"
ADBL,2013-07-31,222.0,239.0,220.0,227.0,"5,674"
ADBL,2013-08-01,227.0,234.0,228.0,233.0,"3,874"
ADBL,2013-08-04,233.0,239.0,230.0,235.0,"6,786"
ADBL,2013-08-05,235.0,244.0,230.0,244.0,"16,970"
ADBL,2013-08-06,244.0,244.0,232.0,240.0,"8,059"
ADBL,2013-08-07,240.0,255.0,239.0,250.0,"14,766"
ADBL,2013-08-08,250.0,256.0,247.0,256.0,"10,429"
ADBL,2013-08-11,256.0,260.0,246.0,258.0,"6,243"
ADBL,2013-08-12,258.0,258.0,254.0,258.0,"5,404"
ADBL,2013-08-13,258.0,260.0,255.0,255.0,"12,121"
ADBL,2013-08-14,255.0,275.0,255.0,265.0,"22,278"
ADBL,2013-08-15,265.0,275.0,262.0,274.0,"17,518"
ADBL,2013-08-18,274.0,293.0,271.0,289.0,"8,762"
ADBL,2013-08-19,289.0,299.0,284.0,295.0,"13,094"
ADBL,2013-08-20,295.0,295.0,285.0,290.0,"14,268"
ADBL,2013-08-25,290.0,290.0,271.0,275.0,"9,229"
ADBL,2013-08-26,275.0,280.0,265.0,265.0,"10,512"
ADBL,2013-08-27,265.0,273.0,266.0,269.0,"5,993"
ADBL,2013-08-29,269.0,275.0,261.0,270.0,"10,781"
ADBL,2013-09-01,270.0,278.0,266.0,273.0,"10,315"
ADBL,2013-09-02,273.0,273.0,269.0,273.0,"4,607"
ADBL,2013-09-03,273.0,273.0,265.0,270.0,"9,705"
ADBL,2013-09-04,270.0,274.0,265.0,268.0,"5,881"
ADBL,2013-09-05,268.0,270.0,263.0,270.0,"4,619"
ADBL,2013-09-08,270.0,270.0,266.0,268.0,"1,430"
ADBL,2013-09-09,268.0,268.0,260.0,265.0,"3,761"
ADBL,2013-09-10,265.0,263.0,256.0,260.0,"3,506"
ADBL,2013-09-11,260.0,260.0,255.0,256.0,"3,560"
ADBL,2013-09-12,256.0,259.0,255.0,256.0,"2,297"
ADBL,2013-09-15,256.0,255.0,247.0,251.0,"1,705"
ADBL,2013-09-16,251.0,249.0,240.0,243.0,"3,105"
ADBL,2013-09-17,243.0,250.0,239.0,249.0,"4,190"
ADBL,2013-09-19,249.0,253.0,242.0,251.0,"7,230"
ADBL,2013-09-22,251.0,250.0,243.0,248.0,"3,598"
ADBL,2013-09-23,248.0,256.0,240.0,256.0,"4,366"
ADBL,2013-09-24,256.0,260.0,249.0,255.0,"3,569"
ADBL,2013-09-25,255.0,260.0,250.0,252.0,"2,342"
ADBL,2013-09-26,252.0,255.0,248.0,250.0,"2,947"
ADBL,2013-09-29,250.0,254.0,248.0,250.0,"5,593"
ADBL,2013-09-30,250.0,255.0,251.0,253.0,"4,048"
ADBL,2013-10-01,253.0,258.0,250.0,257.0,"6,780"
ADBL,2013-10-02,257.0,265.0,255.0,265.0,"4,507"
ADBL,2013-10-03,265.0,268.0,255.0,261.0,"5,989"
ADBL,2013-10-06,261.0,271.0,260.0,268.0,"6,298"
ADBL,2013-10-07,268.0,272.0,265.0,268.0,"6,554"
ADBL,2013-10-09,272.0,280.0,268.0,274.0,"10,880"
ADBL,2013-10-10,274.0,287.0,274.0,287.0,"9,084"
ADBL,2013-10-17,287.0,293.0,280.0,281.0,"3,422"
ADBL,2013-10-20,281.0,292.0,272.0,288.0,"12,323"
ADBL,2013-10-21,288.0,286.0,281.0,281.0,"5,261"
ADBL,2013-10-22,281.0,284.0,276.0,280.0,"2,882"
ADBL,2013-10-23,280.0,279.0,275.0,279.0,"6,589"
ADBL,2013-10-24,279.0,277.0,266.0,271.0,"8,658"
ADBL,2013-10-27,271.0,270.0,265.0,270.0,"6,644"
ADBL,2013-10-28,270.0,269.0,260.0,266.0,"7,712"
ADBL,2013-10-29,266.0,270.0,266.0,268.0,"5,113"
ADBL,2013-10-30,268.0,271.0,263.0,270.0,"3,999"
ADBL,2013-10-31,270.0,275.0,270.0,271.0,"4,946"
ADBL,2013-11-06,271.0,270.0,266.0,270.0,"3,065"
ADBL,2013-11-07,270.0,272.0,265.0,270.0,"2,913"
ADBL,2013-11-11,265.0,271.0,263.0,270.0,"2,943"
ADBL,2013-11-12,270.0,288.0,270.0,282.0,"2,751"
ADBL,2013-11-13,282.0,290.0,281.0,285.0,"13,696"
ADBL,2013-11-14,285.0,290.0,280.0,290.0,"7,095"
ADBL,2013-11-21,290.0,306.0,295.0,306.0,"1,316"
ADBL,2013-11-24,306.0,336.0,315.0,324.0,"21,647"
ADBL,2013-11-25,324.0,326.0,305.0,314.0,"13,105"
ADBL,2013-11-26,314.0,329.0,308.0,321.0,"28,272"
ADBL,2013-11-27,321.0,342.0,321.0,340.0,"36,076"
ADBL,2013-11-28,340.0,342.0,334.0,342.0,"21,680"
ADBL,2013-12-01,342.0,376.0,341.0,376.0,"23,763"
ADBL,2013-12-02,376.0,412.0,360.0,405.0,"20,977"
ADBL,2013-12-03,405.0,404.0,389.0,400.0,"19,402"
ADBL,2013-12-04,400.0,425.0,392.0,402.0,"12,389"
ADBL,2013-12-05,402.0,428.0,385.0,400.0,"21,081"
ADBL,2013-12-08,400.0,401.0,390.0,395.0,"16,688"
ADBL,2013-12-09,395.0,405.0,383.0,396.0,"26,882"
ADBL,2013-12-10,396.0,405.0,391.0,400.0,"28,690"
ADBL,2013-12-11,400.0,412.0,393.0,410.0,"18,473"
ADBL,2013-12-12,409.0,420.0,404.0,406.0,"17,759"
ADBL,2013-12-15,406.0,446.0,405.0,446.0,"20,003"
ADBL,2013-12-16,446.0,490.0,444.0,490.0,"20,965"
ADBL,2013-12-18,490.0,518.0,485.0,485.0,"29,053"
ADBL,2013-12-19,485.0,500.0,475.0,493.0,"39,462"
ADBL,2013-12-22,490.0,490.0,464.0,480.0,"19,387"
ADBL,2013-12-23,472.0,475.0,456.0,469.0,"33,400"
ADBL,2013-12-24,469.0,484.0,451.0,469.0,"29,712"
ADBL,2013-12-26,469.0,499.0,460.0,471.0,"15,787"
ADBL,2013-12-29,471.0,475.0,450.0,465.0,"22,999"
ADBL,2013-12-31,465.0,468.0,455.0,460.0,"25,659"
ADBL,2014-01-01,460.0,455.0,432.0,439.0,"15,862"
ADBL,2014-01-02,439.0,462.0,416.0,462.0,"28,467"
ADBL,2014-01-05,462.0,475.0,441.0,468.0,"65,735"
ADBL,2014-01-06,468.0,474.0,452.0,470.0,"25,538"
ADBL,2014-01-07,470.0,473.0,460.0,473.0,"22,161"
ADBL,2014-01-08,473.0,497.0,470.0,491.0,"38,768"
ADBL,2014-01-09,491.0,490.0,471.0,484.0,"20,109"
ADBL,2014-01-12,484.0,497.0,482.0,486.0,"24,734"
ADBL,2014-01-13,486.0,494.0,480.0,494.0,"19,617"
ADBL,2014-01-14,494.0,501.0,489.0,501.0,"32,504"
ADBL,2014-01-16,501.0,499.0,481.0,490.0,"19,341"
ADBL,2014-01-19,490.0,495.0,473.0,495.0,"29,053"
ADBL,2014-01-20,495.0,519.0,490.0,500.0,"81,646"
ADBL,2014-01-21,500.0,499.0,485.0,488.0,"11,260"
ADBL,2014-01-22,488.0,487.0,472.0,478.0,"13,817"
ADBL,2014-01-23,478.0,484.0,469.0,480.0,"13,779"
ADBL,2014-01-26,480.0,522.0,480.0,503.0,"40,298"
ADBL,2014-01-27,503.0,504.0,486.0,490.0,"9,937"
ADBL,2014-01-28,490.0,500.0,476.0,499.0,"26,031"
ADBL,2014-01-29,499.0,508.0,495.0,503.0,"29,804"
ADBL,2014-02-02,503.0,500.0,485.0,490.0,"8,622"
ADBL,2014-02-03,490.0,499.0,475.0,499.0,"16,945"
ADBL,2014-02-04,499.0,499.0,481.0,499.0,"14,068"
ADBL,2014-02-06,492.0,501.0,490.0,497.0,"18,213"
ADBL,2014-02-09,497.0,501.0,488.0,500.0,"31,751"
ADBL,2014-02-10,500.0,550.0,515.0,520.0,"52,878"
ADBL,2014-02-11,520.0,521.0,510.0,518.0,"29,068"
ADBL,2014-02-12,518.0,515.0,500.0,515.0,"10,260"
ADBL,2014-02-13,515.0,518.0,504.0,509.0,"14,908"
ADBL,2014-02-16,509.0,507.0,490.0,500.0,"12,363"
ADBL,2014-02-17,500.0,503.0,490.0,497.0,"10,000"
ADBL,2014-02-18,497.0,502.0,490.0,500.0,"14,557"
ADBL,2014-02-20,500.0,510.0,493.0,506.0,"12,477"
ADBL,2014-02-23,506.0,520.0,502.0,510.0,"16,883"
ADBL,2014-02-24,510.0,521.0,506.0,510.0,"10,633"
ADBL,2014-02-25,510.0,510.0,492.0,510.0,"8,159"
ADBL,2014-02-26,510.0,510.0,490.0,507.0,"11,856"
ADBL,2014-03-03,507.0,500.0,482.0,500.0,"11,330"
ADBL,2014-03-04,500.0,494.0,475.0,490.0,"12,645"
ADBL,2014-03-05,490.0,495.0,485.0,491.0,"13,670"
ADBL,2014-03-06,491.0,492.0,480.0,485.0,"8,096"
ADBL,2014-03-09,485.0,485.0,476.0,477.0,"12,131"
ADBL,2014-03-10,477.0,480.0,467.0,480.0,"11,578"
ADBL,2014-03-11,480.0,473.0,466.0,466.0,"5,775"
ADBL,2014-03-12,466.0,468.0,456.0,468.0,"5,270"
ADBL,2014-03-13,468.0,471.0,458.0,470.0,"6,624"
ADBL,2014-03-13,468.0,471.0,458.0,470.0,"6,624"
ADBL,2014-03-17,470.0,465.0,456.0,460.0,"5,748"
ADBL,2014-03-18,460.0,457.0,443.0,455.0,"9,587"
ADBL,2014-03-19,455.0,480.0,446.0,480.0,"10,946"
ADBL,2014-03-20,480.0,478.0,466.0,466.0,"8,516"
ADBL,2014-03-23,466.0,483.0,458.0,483.0,"8,169"
ADBL,2014-03-24,483.0,510.0,475.0,507.0,"21,201"
ADBL,2014-03-25,507.0,500.0,475.0,490.0,"29,739"
ADBL,2014-03-26,490.0,528.0,490.0,528.0,"60,736"
ADBL,2014-03-27,528.0,538.0,490.0,499.0,"20,209"
ADBL,2014-03-31,499.0,492.0,480.0,490.0,"5,218"
ADBL,2014-04-01,490.0,494.0,487.0,494.0,"3,932"
ADBL,2014-04-02,494.0,494.0,485.0,489.0,"11,115"
ADBL,2014-04-03,489.0,490.0,480.0,484.0,"3,927"
ADBL,2014-04-06,484.0,490.0,480.0,481.0,"8,848"
ADBL,2014-04-07,481.0,483.0,473.0,480.0,"5,197"
ADBL,2014-04-09,480.0,479.0,474.0,479.0,"5,534"
ADBL,2014-04-10,479.0,483.0,480.0,480.0,"3,389"
ADBL,2014-04-13,480.0,485.0,475.0,485.0,"5,766"
ADBL,2014-04-15,485.0,480.0,475.0,477.0,"8,445"
ADBL,2014-04-16,477.0,478.0,472.0,478.0,"5,706"
ADBL,2014-04-17,478.0,479.0,472.0,476.0,"11,560"
ADBL,2014-04-20,476.0,476.0,465.0,470.0,"7,619"
ADBL,2014-04-21,470.0,471.0,462.0,467.0,"4,512"
ADBL,2014-04-22,467.0,484.0,464.0,484.0,"3,658"
ADBL,2014-04-23,484.0,484.0,475.0,480.0,"6,040"
ADBL,2014-04-27,480.0,495.0,479.0,486.0,"19,082"
ADBL,2014-04-28,486.0,485.0,477.0,482.0,"17,521"
ADBL,2014-04-29,482.0,485.0,465.0,465.0,"17,504"
ADBL,2014-04-30,465.0,490.0,460.0,484.0,"38,545"
ADBL,2014-05-04,484.0,485.0,485.0,485.0,146
ADBL,2014-05-06,485.0,480.0,458.0,480.0,"5,111"
ADBL,2014-05-07,480.0,485.0,465.0,465.0,"3,621"
ADBL,2014-05-08,465.0,465.0,451.0,462.0,"3,062"
ADBL,2014-05-11,462.0,462.0,446.0,451.0,"2,232"
ADBL,2014-05-12,451.0,453.0,442.0,447.0,"6,393"
ADBL,2014-05-13,447.0,460.0,440.0,452.0,"3,367"
ADBL,2014-05-15,452.0,453.0,446.0,450.0,"1,498"
ADBL,2014-05-15,452.0,453.0,446.0,450.0,"1,498"
ADBL,2014-05-18,450.0,449.0,433.0,438.0,"2,406"
ADBL,2014-05-19,438.0,445.0,435.0,441.0,"3,738"
ADBL,2014-05-20,441.0,442.0,436.0,440.0,"1,380"
ADBL,2014-05-21,440.0,442.0,436.0,439.0,"1,436"
ADBL,2014-05-22,439.0,445.0,437.0,441.0,"3,420"
ADBL,2014-05-25,441.0,451.0,440.0,440.0,"1,964"
ADBL,2014-05-26,440.0,448.0,436.0,439.0,"2,068"
ADBL,2014-05-27,439.0,443.0,438.0,442.0,"2,651"
ADBL,2014-05-28,442.0,459.0,441.0,455.0,"3,465"
ADBL,2014-06-01,455.0,454.0,442.0,449.0,"3,419"
ADBL,2014-06-02,449.0,460.0,441.0,460.0,"5,675"
ADBL,2014-06-03,460.0,483.0,455.0,465.0,"3,237"
ADBL,2014-06-04,465.0,456.0,450.0,450.0,"4,933"
ADBL,2014-06-05,450.0,455.0,441.0,451.0,"1,460"
ADBL,2014-06-08,451.0,452.0,442.0,445.0,"4,810"
ADBL,2014-06-09,445.0,447.0,442.0,442.0,"3,135"
ADBL,2014-06-10,442.0,460.0,440.0,451.0,"6,762"
ADBL,2014-06-11,451.0,472.0,442.0,459.0,"7,845"
ADBL,2014-06-12,459.0,468.0,450.0,456.0,"5,318"
ADBL,2014-06-15,456.0,498.0,456.0,498.0,"21,646"
ADBL,2014-06-16,498.0,511.0,485.0,504.0,"17,798"
ADBL,2014-06-17,504.0,511.0,485.0,504.0,"13,316"
ADBL,2014-06-17,504.0,511.0,485.0,504.0,"13,316"
ADBL,2014-06-18,504.0,506.0,498.0,500.0,"5,595"
ADBL,2014-06-19,500.0,500.0,495.0,497.0,"4,887"
ADBL,2014-06-23,497.0,499.0,490.0,492.0,"2,822"
ADBL,2014-06-24,492.0,493.0,473.0,486.0,"4,915"
ADBL,2014-06-25,486.0,495.0,481.0,490.0,"5,342"
ADBL,2014-06-26,490.0,495.0,486.0,490.0,"2,294"
ADBL,2014-06-29,490.0,535.0,494.0,535.0,"6,659"
ADBL,2014-06-30,535.0,539.0,510.0,535.0,"17,816"
ADBL,2014-07-01,535.0,536.0,515.0,530.0,"16,496"
ADBL,2014-07-02,530.0,532.0,520.0,526.0,"8,711"
ADBL,2014-07-03,526.0,540.0,511.0,540.0,"10,454"
ADBL,2014-07-06,540.0,550.0,535.0,550.0,"10,936"
ADBL,2014-07-07,550.0,571.0,540.0,571.0,"23,528"
ADBL,2014-07-08,571.0,628.0,575.0,628.0,"75,326"
ADBL,2014-07-09,628.0,690.0,630.0,660.0,"64,933"
ADBL,2014-07-10,660.0,690.0,645.0,677.0,"53,832"
ADBL,2014-07-13,677.0,739.0,677.0,698.0,"41,709"
ADBL,2014-07-14,698.0,725.0,687.0,690.0,"41,992"
ADBL,2014-07-15,690.0,693.0,680.0,690.0,"13,822"
ADBL,2014-07-16,690.0,756.0,682.0,756.0,"15,232"
ADBL,2014-07-17,756.0,742.0,700.0,729.0,"20,796"
ADBL,2014-07-20,729.0,770.0,715.0,726.0,"17,347"
ADBL,2014-07-21,726.0,740.0,700.0,740.0,"23,797"
ADBL,2014-07-22,740.0,729.0,700.0,715.0,"26,067"
ADBL,2014-07-23,715.0,711.0,698.0,710.0,"19,797"
ADBL,2014-07-24,710.0,709.0,694.0,703.0,"18,897"
ADBL,2014-07-27,703.0,700.0,690.0,699.0,"19,175"
ADBL,2014-07-28,699.0,696.0,686.0,695.0,"11,965"
ADBL,2014-07-30,695.0,700.0,670.0,680.0,"18,615"
ADBL,2014-07-31,680.0,685.0,666.0,671.0,"17,974"
ADBL,2014-08-03,671.0,662.0,650.0,659.0,"14,283"
ADBL,2014-08-04,659.0,656.0,641.0,650.0,"16,927"
ADBL,2014-08-05,650.0,670.0,648.0,657.0,"19,507"
ADBL,2014-08-06,657.0,660.0,649.0,650.0,"19,442"
ADBL,2014-08-07,650.0,668.0,635.0,655.0,"27,587"
ADBL,2014-08-12,655.0,649.0,630.0,645.0,"7,449"
ADBL,2014-08-13,645.0,660.0,633.0,660.0,"13,102"
ADBL,2014-08-14,660.0,670.0,647.0,657.0,"15,244"
ADBL,2014-08-18,657.0,644.0,595.0,612.0,"37,244"
ADBL,2014-08-19,612.0,620.0,596.0,610.0,"17,808"
ADBL,2014-08-20,610.0,610.0,588.0,605.0,"19,673"
ADBL,2014-08-21,605.0,609.0,580.0,600.0,"12,597"
ADBL,2014-08-24,600.0,607.0,586.0,600.0,"12,176"
ADBL,2014-08-25,600.0,588.0,548.0,559.0,"13,049"
ADBL,2014-08-26,559.0,590.0,527.0,532.0,"13,423"
ADBL,2014-08-27,532.0,585.0,540.0,559.0,"13,712"
ADBL,2014-08-28,559.0,581.0,555.0,555.0,"9,333"
ADBL,2014-08-31,555.0,555.0,529.0,544.0,"7,186"
ADBL,2014-09-01,544.0,540.0,524.0,540.0,"8,096"
ADBL,2014-09-03,540.0,550.0,531.0,534.0,"6,177"
ADBL,2014-09-04,534.0,528.0,514.0,516.0,"13,269"
ADBL,2014-09-07,516.0,513.0,477.0,477.0,"8,707"
ADBL,2014-09-09,477.0,514.0,480.0,510.0,"6,261"
ADBL,2014-09-10,510.0,550.0,502.0,515.0,"17,200"
ADBL,2014-09-11,515.0,515.0,494.0,510.0,"5,116"
ADBL,2014-09-14,510.0,507.0,495.0,501.0,"11,790"
ADBL,2014-09-15,501.0,500.0,490.0,495.0,"4,559"
ADBL,2014-09-16,495.0,500.0,493.0,500.0,"5,664"
ADBL,2014-09-17,500.0,501.0,491.0,491.0,"2,141"
ADBL,2014-09-18,491.0,500.0,485.0,500.0,"4,308"
ADBL,2014-09-21,500.0,491.0,472.0,473.0,"4,876"
ADBL,2014-09-22,473.0,478.0,450.0,463.0,"4,694"
ADBL,2014-09-23,463.0,509.0,472.0,509.0,"1,603"
ADBL,2014-09-24,509.0,555.0,509.0,533.0,"27,922"
ADBL,2014-09-28,533.0,535.0,520.0,533.0,"5,441"
ADBL,2014-09-29,533.0,549.0,526.0,549.0,"2,590"
ADBL,2014-09-30,549.0,545.0,522.0,522.0,"4,135"
ADBL,2014-10-08,522.0,520.0,507.0,520.0,"1,950"
ADBL,2014-10-09,520.0,520.0,514.0,515.0,"4,332"
ADBL,2014-10-12,515.0,519.0,494.0,499.0,"3,534"
ADBL,2014-10-13,499.0,501.0,490.0,496.0,"6,363"
ADBL,2014-10-14,496.0,505.0,496.0,500.0,"2,216"
ADBL,2014-10-15,500.0,510.0,500.0,508.0,"3,468"
ADBL,2014-10-16,508.0,515.0,500.0,512.0,"2,026"
ADBL,2014-10-19,512.0,524.0,495.0,524.0,"2,531"
ADBL,2014-10-20,524.0,515.0,504.0,512.0,"1,855"
ADBL,2014-10-21,512.0,517.0,506.0,506.0,"1,623"
ADBL,2014-10-22,506.0,514.0,495.0,505.0,"2,166"
ADBL,2014-10-26,505.0,501.0,495.0,501.0,318
ADBL,2014-10-27,501.0,508.0,500.0,508.0,826
ADBL,2014-10-28,508.0,507.0,496.0,503.0,"3,103"
ADBL,2014-10-30,503.0,502.0,496.0,496.0,"3,239"
ADBL,2014-11-02,496.0,488.0,484.0,487.0,"3,479"
ADBL,2014-11-03,487.0,490.0,476.0,478.0,"2,984"
ADBL,2014-11-04,478.0,480.0,461.0,480.0,"4,283"
ADBL,2014-11-05,480.0,493.0,477.0,490.0,"3,198"
ADBL,2014-11-06,490.0,490.0,481.0,486.0,"4,774"
ADBL,2014-11-09,486.0,482.0,470.0,470.0,"4,361"
ADBL,2014-11-10,470.0,471.0,459.0,469.0,"7,137"
ADBL,2014-11-11,469.0,470.0,443.0,470.0,"2,460"
ADBL,2014-11-12,470.0,477.0,462.0,470.0,"3,095"
ADBL,2014-11-13,470.0,479.0,455.0,463.0,"5,215"
ADBL,2014-11-16,463.0,463.0,455.0,455.0,"2,659"
ADBL,2014-11-17,455.0,453.0,430.0,430.0,"5,025"
ADBL,2014-11-18,430.0,449.0,415.0,448.0,"5,593"
ADBL,2014-11-19,448.0,466.0,440.0,457.0,"1,602"
ADBL,2014-11-20,457.0,460.0,449.0,457.0,"3,097"
ADBL,2014-11-23,457.0,485.0,457.0,480.0,"5,920"
ADBL,2014-11-24,480.0,475.0,461.0,465.0,"1,129"
ADBL,2014-11-25,465.0,465.0,457.0,457.0,71
ADBL,2014-11-30,457.0,457.0,441.0,445.0,"1,452"
ADBL,2014-12-01,445.0,448.0,439.0,443.0,"1,733"
ADBL,2014-12-02,443.0,453.0,435.0,453.0,"1,108"
ADBL,2014-12-03,453.0,467.0,447.0,455.0,"2,153"
ADBL,2014-12-04,455.0,469.0,460.0,464.0,"2,277"
ADBL,2014-12-07,464.0,458.0,448.0,452.0,"1,718"
ADBL,2014-12-08,452.0,450.0,443.0,448.0,"1,290"
ADBL,2014-12-09,448.0,450.0,442.0,446.0,"2,366"
ADBL,2014-12-10,446.0,470.0,446.0,470.0,567
ADBL,2014-12-11,470.0,479.0,457.0,469.0,"4,644"
ADBL,2014-12-14,469.0,493.0,474.0,490.0,"3,724"
ADBL,2014-12-15,490.0,505.0,481.0,497.0,"4,393"
ADBL,2014-12-16,497.0,494.0,470.0,492.0,"5,232"
ADBL,2014-12-17,492.0,488.0,479.0,485.0,"3,200"
ADBL,2014-12-18,485.0,480.0,465.0,480.0,"2,212"
ADBL,2014-12-21,480.0,475.0,461.0,464.0,"3,044"
ADBL,2014-12-22,464.0,473.0,452.0,473.0,"4,523"
ADBL,2014-12-23,473.0,470.0,447.0,467.0,"2,357"
ADBL,2014-12-24,467.0,470.0,458.0,470.0,"3,183"
ADBL,2014-12-28,470.0,484.0,470.0,484.0,"3,257"
ADBL,2014-12-28,470.0,484.0,470.0,484.0,"3,257"
ADBL,2014-12-29,484.0,484.0,466.0,475.0,"2,105"
ADBL,2014-12-31,475.0,490.0,464.0,476.0,"2,969"
ADBL,2015-01-01,476.0,485.0,470.0,479.0,"2,695"
ADBL,2015-01-04,479.0,481.0,474.0,478.0,"1,201"
ADBL,2015-01-05,478.0,487.0,471.0,487.0,"1,739"
ADBL,2015-01-06,487.0,480.0,466.0,475.0,"3,920"
ADBL,2015-01-07,475.0,476.0,467.0,476.0,"3,541"
ADBL,2015-01-08,476.0,480.0,472.0,473.0,"2,511"
ADBL,2015-01-11,473.0,484.0,465.0,484.0,"3,451"
ADBL,2015-01-12,484.0,479.0,468.0,473.0,"3,521"
ADBL,2015-01-13,473.0,475.0,466.0,475.0,"1,012"
ADBL,2015-01-14,475.0,489.0,467.0,484.0,"11,042"
ADBL,2015-01-18,484.0,485.0,473.0,475.0,"5,160"
ADBL,2015-01-19,475.0,499.0,480.0,487.0,"7,796"
ADBL,2015-01-20,487.0,489.0,474.0,478.0,"10,113"
ADBL,2015-01-22,478.0,477.0,470.0,473.0,"1,265"
ADBL,2015-01-25,473.0,483.0,466.0,475.0,"2,889"
ADBL,2015-01-26,475.0,484.0,470.0,481.0,"5,767"
ADBL,2015-01-27,481.0,510.0,478.0,503.0,"13,660"
ADBL,2015-01-28,503.0,513.0,498.0,509.0,"15,503"
ADBL,2015-01-29,509.0,512.0,495.0,500.0,"10,005"
ADBL,2015-02-01,500.0,496.0,491.0,493.0,"4,653"
ADBL,2015-02-02,493.0,494.0,485.0,487.0,"3,667"
ADBL,2015-02-03,487.0,490.0,472.0,483.0,"2,126"
ADBL,2015-02-04,483.0,485.0,475.0,480.0,"1,946"
ADBL,2015-02-05,480.0,489.0,471.0,473.0,"2,868"
ADBL,2015-02-08,473.0,476.0,471.0,475.0,"2,025"
ADBL,2015-02-09,475.0,484.0,470.0,479.0,"6,337"
ADBL,2015-02-10,479.0,475.0,463.0,475.0,"3,543"
ADBL,2015-02-11,475.0,480.0,470.0,476.0,"3,776"
ADBL,2015-02-12,476.0,485.0,475.0,482.0,"5,980"
ADBL,2015-02-15,482.0,482.0,476.0,477.0,"1,086"
ADBL,2015-02-16,477.0,479.0,472.0,479.0,"4,307"
ADBL,2015-02-16,477.0,479.0,472.0,479.0,"4,307"
ADBL,2015-02-18,479.0,479.0,472.0,474.0,"2,807"
ADBL,2015-02-22,474.0,472.0,464.0,464.0,"3,088"
ADBL,2015-02-23,464.0,465.0,456.0,464.0,"3,374"
ADBL,2015-02-24,464.0,465.0,460.0,465.0,"3,018"
ADBL,2015-02-25,465.0,471.0,459.0,470.0,"2,152"
ADBL,2015-02-26,470.0,475.0,460.0,475.0,"2,405"
ADBL,2015-03-01,475.0,480.0,470.0,480.0,"1,184"
ADBL,2015-03-02,480.0,495.0,475.0,480.0,"1,111"
ADBL,2015-03-03,480.0,484.0,471.0,483.0,"1,590"
ADBL,2015-03-04,483.0,492.0,476.0,478.0,"2,209"
ADBL,2015-03-09,478.0,504.0,485.0,497.0,"8,858"
ADBL,2015-03-10,497.0,490.0,472.0,481.0,"1,061"
ADBL,2015-03-11,481.0,485.0,477.0,477.0,"1,618"
ADBL,2015-03-12,477.0,490.0,470.0,475.0,"1,710"
ADBL,2015-03-15,475.0,480.0,471.0,475.0,"2,644"
ADBL,2015-03-16,475.0,475.0,467.0,471.0,"1,607"
ADBL,2015-03-17,471.0,473.0,467.0,471.0,731
ADBL,2015-03-18,471.0,472.0,466.0,472.0,"1,901"
ADBL,2015-03-19,472.0,480.0,470.0,480.0,"1,882"
ADBL,2015-03-22,480.0,476.0,464.0,467.0,"6,630"
ADBL,2015-03-23,467.0,470.0,463.0,469.0,"4,993"
ADBL,2015-03-24,469.0,469.0,464.0,467.0,"1,251"
ADBL,2015-03-25,467.0,470.0,459.0,470.0,797
ADBL,2015-03-26,470.0,476.0,463.0,476.0,966
ADBL,2015-03-29,476.0,470.0,469.0,469.0,531
ADBL,2015-03-30,469.0,469.0,451.0,459.0,"3,598"
ADBL,2015-03-31,459.0,465.0,458.0,461.0,"1,282"
ADBL,2015-04-01,461.0,464.0,454.0,464.0,"2,590"
ADBL,2015-04-02,464.0,465.0,455.0,465.0,"3,444"
ADBL,2015-04-05,465.0,471.0,452.0,455.0,"1,330"
ADBL,2015-04-06,455.0,460.0,446.0,450.0,"3,678"
ADBL,2015-04-07,450.0,451.0,446.0,450.0,"2,372"
ADBL,2015-04-08,450.0,464.0,449.0,458.0,"2,164"
ADBL,2015-04-09,458.0,471.0,451.0,471.0,"7,084"
ADBL,2015-04-12,471.0,482.0,468.0,479.0,"4,345"
ADBL,2015-04-13,479.0,472.0,461.0,472.0,"4,158"
ADBL,2015-04-15,472.0,475.0,455.0,474.0,"13,284"
ADBL,2015-04-16,474.0,468.0,455.0,468.0,"8,979"
ADBL,2015-04-19,437.0,437.0,429.0,436.0,820
ADBL,2015-04-20,436.0,439.0,434.0,436.0,"1,363"
ADBL,2015-04-21,436.0,439.0,431.0,439.0,"1,312"
ADBL,2015-04-22,439.0,440.0,435.0,440.0,619
ADBL,2015-04-23,440.0,434.0,430.0,432.0,"1,563"
ADBL,2015-05-24,432.0,424.0,392.0,392.0,90
ADBL,2015-05-25,392.0,385.0,360.0,365.0,844
ADBL,2015-05-26,365.0,397.0,370.0,397.0,"1,215"
ADBL,2015-05-27,397.0,390.0,376.0,376.0,230
ADBL,2015-05-28,376.0,393.0,380.0,390.0,"2,330"
ADBL,2015-05-31,390.0,402.0,392.0,397.0,"1,141"
ADBL,2015-06-01,397.0,404.0,390.0,400.0,"2,353"
ADBL,2015-06-02,400.0,402.0,400.0,400.0,181
ADBL,2015-06-03,400.0,432.0,402.0,432.0,"1,581"
ADBL,2015-06-04,432.0,440.0,420.0,420.0,"2,566"
ADBL,2015-06-07,420.0,435.0,425.0,430.0,"5,611"
ADBL,2015-06-08,430.0,438.0,425.0,430.0,"1,959"
ADBL,2015-06-08,430.0,438.0,425.0,430.0,"1,959"
ADBL,2015-06-08,430.0,438.0,425.0,430.0,"1,959"
ADBL,2015-06-09,430.0,463.0,438.0,448.0,"3,888"
ADBL,2015-06-10,448.0,440.0,432.0,438.0,880
ADBL,2015-06-11,438.0,432.0,422.0,425.0,"2,209"
ADBL,2015-06-14,425.0,420.0,413.0,413.0,"2,431"
ADBL,2015-06-15,413.0,427.0,407.0,421.0,"1,505"
ADBL,2015-06-16,421.0,426.0,418.0,426.0,"1,298"
ADBL,2015-06-17,426.0,426.0,418.0,423.0,"1,700"
ADBL,2015-06-18,423.0,422.0,412.0,416.0,873
ADBL,2015-06-21,416.0,416.0,413.0,415.0,"1,001"
ADBL,2015-06-22,415.0,420.0,410.0,415.0,"1,380"
ADBL,2015-06-23,415.0,423.0,415.0,420.0,"7,897"
ADBL,2015-06-24,420.0,425.0,414.0,414.0,"1,269"
ADBL,2015-06-25,414.0,420.0,417.0,419.0,833
ADBL,2015-06-28,419.0,420.0,415.0,420.0,"2,180"
ADBL,2015-06-29,420.0,420.0,406.0,420.0,"8,930"
ADBL,2015-06-30,420.0,415.0,406.0,415.0,"6,613"
ADBL,2015-07-01,415.0,410.0,408.0,410.0,572
ADBL,2015-07-02,410.0,408.0,403.0,405.0,"4,059"
ADBL,2015-07-05,405.0,419.0,408.0,417.0,"1,564"
ADBL,2015-07-06,417.0,417.0,403.0,404.0,330
ADBL,2015-07-07,404.0,410.0,404.0,405.0,"6,448"
ADBL,2015-07-08,405.0,409.0,406.0,408.0,"2,073"
ADBL,2015-07-09,408.0,416.0,410.0,410.0,401
ADBL,2015-07-12,410.0,412.0,405.0,411.0,"5,083"
ADBL,2015-07-13,411.0,410.0,409.0,409.0,"1,242"
ADBL,2015-07-14,409.0,414.0,406.0,410.0,"3,414"
ADBL,2015-07-15,410.0,418.0,408.0,415.0,"2,601"
ADBL,2015-07-16,415.0,432.0,416.0,432.0,391
ADBL,2015-07-22,432.0,442.0,421.0,440.0,"7,356"
ADBL,2015-07-23,440.0,465.0,435.0,465.0,"7,731"
ADBL,2015-07-26,465.0,511.0,474.0,511.0,140
ADBL,2015-07-27,511.0,521.0,476.0,498.0,"8,007"
ADBL,2015-07-28,498.0,489.0,480.0,480.0,682
ADBL,2015-07-29,480.0,471.0,467.0,467.0,120
ADBL,2015-07-30,467.0,465.0,450.0,450.0,"3,973"
ADBL,2015-08-02,450.0,449.0,445.0,446.0,558
ADBL,2015-08-03,446.0,458.0,440.0,457.0,"3,667"
ADBL,2015-08-04,457.0,460.0,439.0,441.0,"7,651"
ADBL,2015-08-05,441.0,459.0,437.0,452.0,"6,625"
ADBL,2015-08-06,452.0,465.0,455.0,463.0,"8,242"
ADBL,2015-08-09,463.0,469.0,450.0,469.0,"9,306"
ADBL,2015-08-10,469.0,488.0,470.0,479.0,"8,260"
ADBL,2015-08-11,479.0,470.0,452.0,455.0,"2,244"
ADBL,2015-08-12,455.0,450.0,436.0,445.0,"4,305"
ADBL,2015-08-13,445.0,459.0,438.0,444.0,"8,463"
ADBL,2015-08-16,444.0,456.0,441.0,441.0,"15,570"
ADBL,2015-08-17,441.0,485.0,449.0,485.0,"14,033"
ADBL,2015-08-18,485.0,518.0,494.0,518.0,"17,564"
ADBL,2015-08-18,485.0,518.0,494.0,518.0,"17,564"
ADBL,2015-08-19,518.0,528.0,510.0,528.0,"4,816"
ADBL,2015-08-20,528.0,548.0,525.0,525.0,"5,070"
ADBL,2015-08-23,525.0,516.0,505.0,506.0,"8,354"
ADBL,2015-08-24,506.0,509.0,505.0,506.0,"2,386"
ADBL,2015-08-25,506.0,515.0,496.0,515.0,"3,076"
ADBL,2015-08-26,515.0,506.0,505.0,505.0,"1,300"
ADBL,2015-08-27,505.0,505.0,500.0,500.0,"1,382"
ADBL,2015-08-31,500.0,503.0,496.0,500.0,"3,126"
ADBL,2015-09-01,500.0,500.0,493.0,495.0,"6,425"
ADBL,2015-09-02,495.0,486.0,486.0,486.0,"1,000"
ADBL,2015-09-03,486.0,478.0,465.0,465.0,760
ADBL,2015-09-06,465.0,485.0,474.0,480.0,"1,710"
ADBL,2015-09-07,480.0,497.0,475.0,497.0,"2,252"
ADBL,2015-09-08,497.0,496.0,488.0,488.0,651
ADBL,2015-09-09,488.0,480.0,480.0,480.0,41
ADBL,2015-09-10,480.0,489.0,472.0,479.0,"7,097"
ADBL,2015-09-13,479.0,500.0,480.0,500.0,"9,190"
ADBL,2015-09-14,500.0,511.0,492.0,500.0,"4,489"
ADBL,2015-09-15,500.0,505.0,486.0,495.0,"1,356"
ADBL,2015-09-16,495.0,490.0,486.0,487.0,"1,186"
ADBL,2015-09-17,487.0,488.0,475.0,480.0,"5,292"
ADBL,2015-09-22,480.0,471.0,456.0,456.0,"9,991"
ADBL,2015-09-23,456.0,474.0,460.0,465.0,"9,252"
ADBL,2015-09-24,465.0,461.0,456.0,460.0,956
ADBL,2015-09-28,460.0,454.0,446.0,450.0,"1,581"
ADBL,2015-09-29,450.0,459.0,450.0,450.0,"2,289"
ADBL,2015-09-30,450.0,468.0,442.0,450.0,"4,851"
ADBL,2015-10-01,450.0,460.0,444.0,459.0,"5,128"
ADBL,2015-10-04,459.0,455.0,443.0,451.0,"2,200"
ADBL,2015-10-05,451.0,460.0,442.0,445.0,"2,871"
ADBL,2015-10-06,445.0,445.0,435.0,440.0,"5,822"
ADBL,2015-10-07,440.0,450.0,440.0,450.0,511
ADBL,2015-10-08,450.0,495.0,443.0,495.0,"15,581"
ADBL,2015-10-11,495.0,544.0,504.0,530.0,"93,601"
ADBL,2015-10-14,530.0,540.0,493.0,494.0,"9,865"
ADBL,2015-10-15,494.0,499.0,476.0,499.0,"6,688"
ADBL,2015-10-18,499.0,495.0,487.0,495.0,"8,306"
ADBL,2015-10-19,495.0,500.0,489.0,500.0,"2,033"
ADBL,2015-10-25,500.0,490.0,480.0,481.0,"2,481"
ADBL,2015-10-27,481.0,472.0,465.0,472.0,"3,737"
ADBL,2015-10-28,472.0,472.0,455.0,466.0,"2,955"
ADBL,2015-10-29,466.0,475.0,466.0,470.0,"1,970"
ADBL,2015-11-01,470.0,469.0,450.0,456.0,"4,509"
ADBL,2015-11-02,456.0,470.0,450.0,461.0,"3,088"
ADBL,2015-11-03,461.0,457.0,455.0,457.0,81
ADBL,2015-11-04,457.0,470.0,449.0,466.0,"1,462"
ADBL,2015-11-05,466.0,463.0,460.0,460.0,878
ADBL,2015-11-08,460.0,462.0,451.0,462.0,607
ADBL,2015-11-09,462.0,483.0,469.0,483.0,"4,949"
ADBL,2015-11-10,483.0,485.0,474.0,477.0,"8,443"
ADBL,2015-11-15,477.0,475.0,470.0,475.0,"1,170"
ADBL,2015-11-16,475.0,471.0,467.0,471.0,250
ADBL,2015-11-18,471.0,475.0,467.0,470.0,"1,230"
ADBL,2015-11-19,470.0,475.0,460.0,465.0,"1,940"
ADBL,2015-11-22,465.0,460.0,451.0,452.0,"2,625"
ADBL,2015-11-23,452.0,452.0,449.0,452.0,"4,235"
ADBL,2015-11-24,452.0,461.0,451.0,455.0,"1,170"
ADBL,2015-11-25,455.0,461.0,448.0,450.0,"6,331"
ADBL,2015-11-26,450.0,450.0,435.0,447.0,"2,656"
ADBL,2015-11-29,447.0,442.0,420.0,420.0,"9,273"
ADBL,2015-11-30,420.0,450.0,424.0,431.0,"4,935"
ADBL,2015-12-01,431.0,454.0,439.0,454.0,"5,943"
ADBL,2015-12-02,454.0,451.0,445.0,451.0,"3,272"
ADBL,2015-12-03,451.0,459.0,450.0,450.0,"3,472"
ADBL,2015-12-06,450.0,468.0,459.0,465.0,"2,902"
ADBL,2015-12-07,465.0,456.0,454.0,455.0,860
ADBL,2015-12-08,455.0,455.0,447.0,451.0,"2,091"
ADBL,2015-12-09,451.0,469.0,460.0,469.0,"1,612"
ADBL,2015-12-10,469.0,469.0,450.0,465.0,934
ADBL,2015-12-13,465.0,465.0,456.0,456.0,"1,652"
ADBL,2015-12-14,456.0,453.0,450.0,450.0,"2,818"
ADBL,2015-12-15,450.0,446.0,440.0,445.0,"3,918"
ADBL,2015-12-16,445.0,453.0,448.0,450.0,"7,554"
ADBL,2015-12-17,450.0,468.0,451.0,465.0,"1,388"
ADBL,2015-12-20,465.0,483.0,462.0,481.0,"16,618"
ADBL,2015-12-21,481.0,529.0,481.0,529.0,"47,347"
ADBL,2015-12-22,529.0,559.0,510.0,512.0,"21,836"
ADBL,2015-12-23,512.0,510.0,496.0,496.0,"6,162"
ADBL,2015-12-24,496.0,510.0,490.0,510.0,"11,469"
ADBL,2015-12-27,510.0,505.0,499.0,502.0,"12,349"
ADBL,2015-12-28,502.0,504.0,497.0,499.0,"2,290"
ADBL,2015-12-29,499.0,508.0,496.0,500.0,"7,138"
ADBL,2015-12-31,500.0,513.0,500.0,508.0,"5,772"
ADBL,2016-01-03,508.0,518.0,499.0,518.0,"8,407"
ADBL,2016-01-04,518.0,528.0,502.0,506.0,"6,760"
ADBL,2016-01-05,506.0,515.0,500.0,505.0,"4,135"
ADBL,2016-01-06,505.0,507.0,495.0,500.0,"4,686"
ADBL,2016-01-07,500.0,520.0,505.0,515.0,"7,371"
ADBL,2016-01-10,515.0,520.0,506.0,518.0,"5,622"
ADBL,2016-01-11,518.0,529.0,511.0,525.0,"11,440"
ADBL,2016-01-12,525.0,526.0,521.0,521.0,"4,907"
ADBL,2016-01-12,525.0,526.0,521.0,521.0,"4,907"
ADBL,2016-01-13,521.0,531.0,517.0,529.0,"2,677"
ADBL,2016-01-14,529.0,545.0,524.0,545.0,"22,823"
ADBL,2016-01-17,545.0,591.0,541.0,575.0,"69,927"
ADBL,2016-01-18,575.0,608.0,561.0,580.0,"19,463"
ADBL,2016-01-19,580.0,576.0,547.0,568.0,"15,212"
ADBL,2016-01-20,568.0,615.0,579.0,593.0,"53,666"
ADBL,2016-01-21,593.0,600.0,577.0,583.0,"23,814"
ADBL,2016-01-24,583.0,599.0,589.0,599.0,"34,629"
ADBL,2016-01-25,599.0,615.0,594.0,595.0,"7,231"
ADBL,2016-01-26,595.0,601.0,593.0,595.0,"16,386"
ADBL,2016-01-27,595.0,590.0,580.0,585.0,"4,958"
ADBL,2016-01-28,585.0,585.0,576.0,582.0,"6,324"
ADBL,2016-01-31,582.0,590.0,571.0,574.0,"5,068"
ADBL,2016-02-01,574.0,588.0,572.0,584.0,"12,969"
ADBL,2016-02-02,584.0,595.0,580.0,580.0,"7,156"
ADBL,2016-02-03,580.0,580.0,572.0,574.0,"4,671"
ADBL,2016-02-04,574.0,589.0,573.0,589.0,"11,203"
ADBL,2016-02-07,589.0,604.0,585.0,595.0,"12,440"
ADBL,2016-02-08,595.0,594.0,584.0,590.0,"10,270"
ADBL,2016-02-11,590.0,590.0,580.0,580.0,"4,680"
ADBL,2016-02-14,580.0,579.0,561.0,570.0,"7,802"
ADBL,2016-02-15,570.0,590.0,555.0,590.0,"10,726"
ADBL,2016-02-16,590.0,600.0,571.0,576.0,"4,767"
ADBL,2016-02-17,576.0,590.0,560.0,590.0,"14,601"
ADBL,2016-02-18,590.0,596.0,588.0,588.0,"20,751"
ADBL,2016-02-21,588.0,598.0,585.0,590.0,"21,553"
ADBL,2016-02-22,590.0,595.0,585.0,590.0,"6,229"
ADBL,2016-02-23,590.0,609.0,585.0,605.0,"16,364"
ADBL,2016-02-24,605.0,603.0,590.0,595.0,"4,249"
ADBL,2016-02-25,595.0,605.0,581.0,585.0,"5,816"
ADBL,2016-02-28,585.0,595.0,587.0,590.0,"10,168"
ADBL,2016-02-29,590.0,590.0,586.0,589.0,"4,735"
ADBL,2016-03-01,589.0,590.0,583.0,585.0,"4,675"
ADBL,2016-03-02,585.0,609.0,580.0,599.0,"3,609"
ADBL,2016-03-03,599.0,620.0,590.0,617.0,"31,519"
ADBL,2016-03-06,617.0,635.0,610.0,630.0,"22,567"
ADBL,2016-03-10,630.0,693.0,640.0,693.0,"69,293"
ADBL,2016-03-13,693.0,734.0,700.0,707.0,"133,833"
ADBL,2016-03-14,707.0,715.0,665.0,672.0,"31,398"
ADBL,2016-03-15,672.0,674.0,655.0,665.0,"14,526"
ADBL,2016-03-16,665.0,679.0,655.0,674.0,"9,375"
ADBL,2016-03-17,674.0,672.0,665.0,665.0,"14,604"
ADBL,2016-03-20,665.0,671.0,656.0,660.0,"16,552"
ADBL,2016-03-21,660.0,666.0,648.0,648.0,"24,495"
ADBL,2016-03-23,648.0,664.0,648.0,653.0,"8,568"
ADBL,2016-03-24,653.0,678.0,651.0,655.0,"11,367"
ADBL,2016-03-27,655.0,673.0,650.0,673.0,"25,338"
ADBL,2016-03-28,673.0,685.0,658.0,671.0,"16,225"
ADBL,2016-03-29,671.0,673.0,657.0,669.0,"7,922"
ADBL,2016-03-30,669.0,680.0,661.0,665.0,"8,799"
ADBL,2016-03-31,665.0,663.0,655.0,658.0,"7,572"
ADBL,2016-04-03,658.0,690.0,652.0,670.0,"15,676"
ADBL,2016-04-04,670.0,680.0,670.0,680.0,"12,643"
ADBL,2016-04-05,680.0,685.0,670.0,684.0,"22,777"
ADBL,2016-04-06,684.0,689.0,677.0,680.0,"17,535"
ADBL,2016-04-10,680.0,685.0,670.0,671.0,"35,135"
ADBL,2016-04-11,583.0,584.0,572.0,576.0,"2,445"
ADBL,2016-04-12,576.0,565.0,560.0,560.0,"1,071"
ADBL,2016-04-14,560.0,591.0,560.0,591.0,"3,092"
ADBL,2016-04-17,591.0,602.0,582.0,595.0,"7,426"
ADBL,2016-04-18,595.0,612.0,570.0,612.0,"12,148"
ADBL,2016-04-19,612.0,605.0,590.0,599.0,"2,370"
ADBL,2016-04-20,599.0,607.0,596.0,605.0,"12,246"
ADBL,2016-04-21,605.0,630.0,595.0,630.0,"26,726"
ADBL,2016-04-24,630.0,649.0,622.0,640.0,"11,906"
ADBL,2016-04-25,640.0,663.0,641.0,655.0,"11,479"
ADBL,2016-04-26,655.0,651.0,638.0,638.0,"6,470"
ADBL,2016-04-27,638.0,655.0,632.0,647.0,"10,197"
ADBL,2016-04-28,647.0,651.0,638.0,638.0,"7,618"
ADBL,2016-05-02,638.0,645.0,627.0,640.0,"18,127"
ADBL,2016-05-03,640.0,644.0,635.0,640.0,"7,259"
ADBL,2016-05-04,640.0,639.0,629.0,632.0,"5,406"
ADBL,2016-05-05,632.0,632.0,610.0,632.0,"6,608"
ADBL,2016-05-08,632.0,644.0,617.0,634.0,"5,668"
ADBL,2016-05-09,634.0,663.0,640.0,649.0,"20,133"
ADBL,2016-05-10,649.0,659.0,637.0,642.0,"3,444"
ADBL,2016-05-11,642.0,655.0,640.0,655.0,"11,538"
ADBL,2016-05-12,655.0,673.0,655.0,673.0,"26,491"
ADBL,2016-05-15,673.0,667.0,654.0,666.0,"4,754"
ADBL,2016-05-16,666.0,663.0,653.0,663.0,"4,406"
ADBL,2016-05-17,663.0,680.0,662.0,680.0,"16,189"
ADBL,2016-05-18,680.0,693.0,680.0,683.0,"7,927"
ADBL,2016-05-19,683.0,694.0,675.0,684.0,"14,300"
ADBL,2016-05-22,684.0,686.0,670.0,680.0,"2,404"
ADBL,2016-05-23,680.0,690.0,677.0,685.0,"14,290"
ADBL,2016-05-24,685.0,695.0,685.0,690.0,"7,665"
ADBL,2016-05-25,690.0,692.0,671.0,682.0,"13,438"
ADBL,2016-05-26,682.0,689.0,657.0,679.0,"5,751"
ADBL,2016-05-29,679.0,679.0,660.0,679.0,"10,097"
ADBL,2016-05-30,679.0,679.0,665.0,666.0,"6,432"
ADBL,2016-05-31,666.0,667.0,653.0,659.0,"7,732"
ADBL,2016-06-01,659.0,665.0,648.0,656.0,"10,461"
ADBL,2016-06-02,656.0,682.0,656.0,668.0,"14,888"
ADBL,2016-06-05,668.0,674.0,650.0,668.0,"8,658"
ADBL,2016-06-06,668.0,670.0,647.0,670.0,"4,113"
ADBL,2016-06-07,670.0,680.0,661.0,677.0,"9,201"
ADBL,2016-06-08,677.0,689.0,676.0,677.0,"11,892"
ADBL,2016-06-09,677.0,694.0,677.0,677.0,"7,948"
ADBL,2016-06-12,677.0,689.0,668.0,675.0,"4,476"
ADBL,2016-06-13,675.0,710.0,680.0,700.0,"40,671"
ADBL,2016-06-14,700.0,725.0,710.0,721.0,"35,182"
ADBL,2016-06-15,721.0,723.0,712.0,720.0,"11,057"
ADBL,2016-06-16,720.0,722.0,697.0,713.0,"14,568"
ADBL,2016-06-19,713.0,714.0,693.0,705.0,"18,341"
ADBL,2016-06-20,705.0,710.0,697.0,700.0,"10,740"
ADBL,2016-06-21,700.0,720.0,700.0,703.0,"9,949"
ADBL,2016-06-22,703.0,728.0,706.0,720.0,"11,454"
ADBL,2016-06-23,720.0,720.0,696.0,702.0,"6,052"
ADBL,2016-06-26,702.0,712.0,703.0,710.0,"7,223"
ADBL,2016-06-27,710.0,739.0,713.0,739.0,"22,093"
ADBL,2016-06-28,739.0,735.0,721.0,735.0,"12,542"
ADBL,2016-06-29,735.0,732.0,724.0,727.0,"10,899"
ADBL,2016-06-30,727.0,729.0,716.0,722.0,"19,936"
ADBL,2016-07-03,722.0,720.0,713.0,719.0,"11,526"
ADBL,2016-07-04,719.0,730.0,710.0,730.0,"5,677"
ADBL,2016-07-05,730.0,750.0,713.0,745.0,"20,430"
ADBL,2016-07-06,745.0,775.0,743.0,761.0,"24,816"
ADBL,2016-07-10,761.0,765.0,740.0,761.0,"4,691"
ADBL,2016-07-11,761.0,789.0,761.0,777.0,"27,375"
ADBL,2016-07-12,777.0,784.0,720.0,766.0,"8,705"
ADBL,2016-07-13,766.0,768.0,740.0,760.0,"10,620"
ADBL,2016-07-14,760.0,775.0,755.0,768.0,"11,763"
ADBL,2016-07-17,768.0,844.0,765.0,844.0,"46,553"
ADBL,2016-07-18,844.0,865.0,814.0,833.0,"28,713"
ADBL,2016-07-19,833.0,899.0,830.0,888.0,"53,355"
ADBL,2016-07-20,888.0,976.0,900.0,976.0,"73,449"
ADBL,2016-07-21,976.0,1010.0,954.0,984.0,"43,680"
ADBL,2016-07-25,984.0,1065.0,985.0,1065.0,"63,729"
ADBL,2016-07-26,1065.0,1113.0,1045.0,1082.0,"37,909"
ADBL,2016-07-27,1082.0,1099.0,1035.0,1081.0,"40,667"
ADBL,2016-07-28,1081.0,1069.0,1029.0,1060.0,"33,191"
ADBL,2016-08-01,1038.0,1050.0,995.0,1030.0,"33,867"
ADBL,2016-08-02,1030.0,1015.0,1000.0,1000.0,"58,079"
ADBL,2016-08-04,1002.0,995.0,955.0,970.0,"30,904"
ADBL,2016-08-07,970.0,1006.0,970.0,972.0,"25,130"
ADBL,2016-08-08,972.0,965.0,901.0,905.0,"16,460"
ADBL,2016-08-09,905.0,995.0,923.0,995.0,"3,567"
ADBL,2016-08-10,995.0,1020.0,936.0,1010.0,"53,909"
ADBL,2016-08-11,1010.0,1020.0,992.0,1020.0,"33,089"
ADBL,2016-08-14,1020.0,1001.0,955.0,968.0,"20,556"
ADBL,2016-08-15,968.0,1006.0,946.0,970.0,"27,993"
ADBL,2016-08-16,970.0,1001.0,970.0,985.0,"30,158"
ADBL,2016-08-17,985.0,1010.0,972.0,1000.0,"16,569"
ADBL,2016-08-21,1000.0,1013.0,985.0,995.0,"8,813"
ADBL,2016-08-22,995.0,1000.0,962.0,964.0,"6,697"
ADBL,2016-08-23,964.0,983.0,948.0,970.0,"12,823"
ADBL,2016-08-24,970.0,984.0,951.0,970.0,"7,338"
ADBL,2016-08-28,970.0,980.0,958.0,965.0,"5,090"
ADBL,2016-08-29,965.0,995.0,965.0,983.0,"14,088"
ADBL,2016-08-30,983.0,1002.0,983.0,999.0,"16,862"
ADBL,2016-08-31,999.0,1005.0,985.0,999.0,"19,708"
ADBL,2016-09-01,999.0,1010.0,990.0,998.0,"15,887"
ADBL,2016-09-03,998.0,1029.0,989.0,1020.0,"13,611"
ADBL,2016-09-04,998.0,1029.0,989.0,1020.0,"13,611"
ADBL,2016-09-05,1020.0,1056.0,1020.0,1043.0,"34,803"
ADBL,2016-09-06,1043.0,1055.0,1011.0,1028.0,"25,608"
ADBL,2016-09-07,1028.0,1065.0,1011.0,1065.0,"62,511"
ADBL,2016-09-08,1065.0,1058.0,1040.0,1054.0,"15,717"
ADBL,2016-09-11,1054.0,1075.0,1042.0,1050.0,"29,449"
ADBL,2016-09-12,1050.0,1060.0,1048.0,1050.0,"29,095"
ADBL,2016-09-14,1050.0,1059.0,1046.0,1050.0,"11,695"
ADBL,2016-09-18,1050.0,1052.0,1035.0,1050.0,"11,307"
ADBL,2016-09-20,1050.0,1071.0,1040.0,1044.0,"42,584"
ADBL,2016-09-21,1044.0,1045.0,1020.0,1025.0,"24,012"
ADBL,2016-09-22,1025.0,1032.0,997.0,1019.0,"31,362"
ADBL,2016-09-25,1019.0,1020.0,990.0,995.0,"114,461"
ADBL,2016-09-26,697.0,690.0,659.0,675.0,"10,691"
ADBL,2016-09-27,675.0,684.0,672.0,672.0,"4,456"
ADBL,2016-09-28,672.0,677.0,670.0,672.0,"1,414"
ADBL,2016-09-29,672.0,670.0,660.0,670.0,"3,261"
ADBL,2016-10-02,670.0,684.0,670.0,680.0,"4,644"
ADBL,2016-10-03,680.0,690.0,670.0,672.0,"2,351"
ADBL,2016-10-04,672.0,680.0,667.0,668.0,"7,550"
ADBL,2016-10-05,668.0,680.0,667.0,680.0,"1,002"
ADBL,2016-10-06,680.0,690.0,670.0,683.0,"2,238"
ADBL,2016-10-16,683.0,703.0,679.0,683.0,"1,795"
ADBL,2016-10-17,683.0,683.0,660.0,669.0,"3,931"
ADBL,2016-10-18,669.0,675.0,661.0,670.0,"1,206"
ADBL,2016-10-19,670.0,670.0,660.0,665.0,"3,950"
ADBL,2016-10-20,665.0,677.0,661.0,669.0,"2,944"
ADBL,2016-10-23,669.0,665.0,655.0,655.0,"6,226"
ADBL,2016-10-24,655.0,661.0,649.0,653.0,"7,673"
ADBL,2016-10-25,653.0,650.0,640.0,645.0,"3,856"
ADBL,2016-10-26,645.0,650.0,640.0,642.0,"4,364"
ADBL,2016-10-27,642.0,645.0,630.0,638.0,"2,964"
ADBL,2016-11-03,638.0,650.0,626.0,645.0,906
ADBL,2016-11-07,645.0,646.0,615.0,625.0,"1,784"
ADBL,2016-11-08,625.0,630.0,605.0,610.0,"5,340"
ADBL,2016-11-09,610.0,613.0,594.0,600.0,"5,406"
ADBL,2016-11-10,600.0,607.0,596.0,600.0,"4,874"
ADBL,2016-11-13,600.0,610.0,598.0,600.0,"7,038"
ADBL,2016-11-14,600.0,609.0,595.0,600.0,"6,752"
ADBL,2016-11-15,600.0,612.0,590.0,596.0,"7,995"
ADBL,2016-11-16,596.0,600.0,588.0,595.0,"4,803"
ADBL,2016-11-17,595.0,595.0,580.0,580.0,"5,087"
ADBL,2016-11-20,580.0,571.0,530.0,556.0,"6,046"
ADBL,2016-11-21,556.0,565.0,541.0,555.0,"6,653"
ADBL,2016-11-22,555.0,560.0,538.0,550.0,"6,174"
ADBL,2016-11-23,550.0,540.0,520.0,525.0,"9,827"
ADBL,2016-11-24,525.0,540.0,523.0,527.0,"10,536"
ADBL,2016-11-27,527.0,528.0,500.0,502.0,"14,556"
ADBL,2016-11-28,502.0,535.0,480.0,525.0,"20,030"
ADBL,2016-11-29,525.0,560.0,505.0,555.0,"6,827"
ADBL,2016-11-30,555.0,589.0,550.0,576.0,"17,082"
ADBL,2016-12-01,576.0,590.0,556.0,575.0,"12,639"
ADBL,2016-12-04,575.0,571.0,558.0,558.0,"3,739"
ADBL,2016-12-05,558.0,558.0,530.0,545.0,"3,418"
ADBL,2016-12-06,545.0,555.0,540.0,550.0,"3,030"
ADBL,2016-12-07,550.0,553.0,543.0,550.0,"1,850"
ADBL,2016-12-08,550.0,550.0,540.0,540.0,"4,444"
ADBL,2016-12-11,540.0,541.0,529.0,530.0,"3,290"
ADBL,2016-12-12,530.0,530.0,515.0,525.0,"1,484"
ADBL,2016-12-14,525.0,535.0,525.0,530.0,"5,246"
ADBL,2016-12-15,530.0,542.0,530.0,542.0,"4,365"
ADBL,2016-12-18,542.0,540.0,525.0,540.0,"6,847"
ADBL,2016-12-19,540.0,535.0,520.0,520.0,"6,963"
ADBL,2016-12-20,520.0,530.0,505.0,520.0,"9,974"
ADBL,2016-12-21,520.0,525.0,500.0,511.0,"6,654"
ADBL,2016-12-22,511.0,513.0,506.0,513.0,"8,026"
ADBL,2016-12-26,513.0,510.0,497.0,497.0,"7,763"
ADBL,2016-12-27,497.0,506.0,483.0,495.0,"10,568"
ADBL,2016-12-28,495.0,505.0,495.0,498.0,"5,725"
ADBL,2016-12-29,498.0,526.0,502.0,526.0,"19,494"
ADBL,2017-01-01,526.0,555.0,535.0,545.0,"18,373"
ADBL,2017-01-02,545.0,560.0,545.0,545.0,"19,457"
ADBL,2017-01-03,545.0,550.0,530.0,530.0,"8,202"
ADBL,2017-01-04,530.0,535.0,510.0,530.0,"6,130"
ADBL,2017-01-05,530.0,533.0,520.0,528.0,"8,287"
ADBL,2017-01-08,528.0,529.0,520.0,524.0,"5,593"
ADBL,2017-01-09,524.0,540.0,521.0,540.0,"5,545"
ADBL,2017-01-10,540.0,550.0,540.0,540.0,"4,148"
ADBL,2017-01-11,540.0,550.0,540.0,540.0,"8,359"
ADBL,2017-01-12,540.0,546.0,531.0,542.0,"5,428"
ADBL,2017-01-15,542.0,542.0,530.0,534.0,"2,339"
ADBL,2017-01-16,534.0,536.0,527.0,527.0,"2,058"
ADBL,2017-01-17,527.0,529.0,523.0,523.0,"3,270"
ADBL,2017-01-18,523.0,530.0,520.0,520.0,"3,386"
ADBL,2017-01-19,520.0,529.0,521.0,528.0,"1,913"
ADBL,2017-01-22,528.0,531.0,526.0,526.0,"2,773"
ADBL,2017-01-23,526.0,524.0,520.0,520.0,"2,679"
ADBL,2017-01-24,520.0,530.0,500.0,508.0,"7,839"
ADBL,2017-01-25,508.0,505.0,480.0,490.0,"25,727"
ADBL,2017-01-26,490.0,490.0,455.0,460.0,"33,136"
ADBL,2017-01-30,460.0,465.0,442.0,442.0,"12,799"
ADBL,2017-01-31,442.0,464.0,435.0,458.0,"11,409"
ADBL,2017-02-01,458.0,485.0,465.0,483.0,"9,886"
ADBL,2017-02-02,483.0,500.0,480.0,483.0,"15,620"
ADBL,2017-02-05,483.0,492.0,470.0,470.0,"3,121"
ADBL,2017-02-06,470.0,468.0,455.0,455.0,"5,122"
ADBL,2017-02-07,455.0,463.0,451.0,455.0,"4,245"
ADBL,2017-02-08,455.0,460.0,448.0,450.0,"9,700"
ADBL,2017-02-09,450.0,453.0,440.0,445.0,"12,428"
ADBL,2017-02-12,445.0,453.0,416.0,429.0,"11,551"
ADBL,2017-02-13,429.0,443.0,413.0,440.0,"11,039"
ADBL,2017-02-14,440.0,447.0,424.0,437.0,"13,085"
ADBL,2017-02-15,437.0,456.0,442.0,453.0,"12,899"
ADBL,2017-02-16,453.0,460.0,450.0,453.0,"16,259"
ADBL,2017-02-19,453.0,452.0,441.0,445.0,"23,260"
ADBL,2017-02-20,445.0,455.0,440.0,440.0,"17,150"
ADBL,2017-02-21,440.0,465.0,437.0,439.0,"18,863"
ADBL,2017-02-22,439.0,442.0,430.0,434.0,"22,813"
ADBL,2017-02-23,434.0,442.0,427.0,440.0,"14,367"
ADBL,2017-02-26,440.0,445.0,430.0,434.0,"6,391"
ADBL,2017-02-28,434.0,426.0,417.0,421.0,"16,732"
ADBL,2017-03-01,421.0,430.0,421.0,430.0,"5,008"
ADBL,2017-03-02,430.0,435.0,425.0,435.0,"5,828"
ADBL,2017-03-05,435.0,448.0,432.0,443.0,"12,347"
ADBL,2017-03-06,443.0,456.0,446.0,449.0,"9,615"
ADBL,2017-03-07,449.0,443.0,439.0,439.0,"5,596"
ADBL,2017-03-09,439.0,452.0,444.0,445.0,"3,547"
ADBL,2017-03-13,445.0,450.0,440.0,440.0,"5,870"
ADBL,2017-03-14,440.0,450.0,440.0,441.0,"9,273"
ADBL,2017-03-15,441.0,449.0,443.0,448.0,"3,091"
ADBL,2017-03-16,448.0,452.0,441.0,445.0,"9,046"
ADBL,2017-03-19,445.0,454.0,445.0,451.0,"10,196"
ADBL,2017-03-20,451.0,465.0,455.0,461.0,"16,216"
ADBL,2017-03-21,461.0,484.0,460.0,484.0,"26,819"
ADBL,2017-03-22,484.0,515.0,485.0,492.0,"45,578"
ADBL,2017-03-23,492.0,514.0,493.0,511.0,"42,052"
ADBL,2017-03-26,511.0,562.0,512.0,562.0,"86,224"
ADBL,2017-03-28,562.0,606.0,573.0,595.0,"63,335"
ADBL,2017-03-29,595.0,615.0,550.0,565.0,"118,955"
ADBL,2017-03-30,565.0,577.0,555.0,574.0,"151,987"
ADBL,2017-04-03,478.0,525.0,487.0,504.0,"86,048"
ADBL,2017-04-04,504.0,508.0,480.0,495.0,"38,622"
ADBL,2017-04-06,495.0,495.0,474.0,482.0,"42,085"
ADBL,2017-04-09,482.0,485.0,470.0,472.0,"26,361"
ADBL,2017-04-10,472.0,485.0,467.0,471.0,"24,705"
ADBL,2017-04-11,471.0,494.0,470.0,489.0,"29,427"
ADBL,2017-04-12,489.0,500.0,480.0,480.0,"43,976"
ADBL,2017-04-13,480.0,482.0,468.0,472.0,"25,576"
ADBL,2017-04-16,472.0,481.0,457.0,460.0,"14,433"
ADBL,2017-04-18,460.0,460.0,443.0,450.0,"26,897"
ADBL,2017-04-19,450.0,469.0,453.0,463.0,"15,551"
ADBL,2017-04-20,463.0,483.0,463.0,465.0,"32,994"
ADBL,2017-04-23,465.0,511.0,472.0,472.0,"45,549"
ADBL,2017-04-24,472.0,474.0,466.0,469.0,"23,133"
ADBL,2017-04-25,469.0,472.0,464.0,469.0,"17,195"
ADBL,2017-04-26,469.0,472.0,465.0,467.0,"9,098"
ADBL,2017-04-27,467.0,475.0,463.0,466.0,"15,743"
ADBL,2017-04-30,466.0,470.0,454.0,459.0,"18,728"
ADBL,2017-05-02,459.0,468.0,445.0,461.0,"22,562"
ADBL,2017-05-03,461.0,478.0,457.0,461.0,"13,689"
ADBL,2017-05-04,461.0,478.0,454.0,460.0,"10,579"
ADBL,2017-05-07,460.0,464.0,453.0,454.0,"5,619"
ADBL,2017-05-08,454.0,465.0,446.0,460.0,"16,791"
ADBL,2017-05-09,460.0,461.0,452.0,457.0,"21,081"
ADBL,2017-05-11,457.0,466.0,461.0,464.0,"12,423"
ADBL,2017-05-15,464.0,471.0,460.0,465.0,"10,542"
ADBL,2017-05-16,465.0,465.0,455.0,456.0,"7,225"
ADBL,2017-05-17,456.0,460.0,454.0,455.0,"4,811"
ADBL,2017-05-18,455.0,458.0,450.0,451.0,"6,117"
ADBL,2017-05-21,451.0,460.0,444.0,450.0,"10,460"
ADBL,2017-05-22,450.0,450.0,441.0,448.0,"3,174"
ADBL,2017-05-23,448.0,455.0,443.0,450.0,"6,912"
ADBL,2017-05-24,450.0,456.0,448.0,455.0,"11,662"
ADBL,2017-05-28,455.0,455.0,445.0,450.0,"9,086"
ADBL,2017-05-30,450.0,450.0,441.0,444.0,"7,182"
ADBL,2017-05-31,444.0,455.0,439.0,450.0,"8,719"
ADBL,2017-06-01,450.0,459.0,444.0,446.0,"14,518"
ADBL,2017-06-04,446.0,450.0,440.0,445.0,"10,779"
ADBL,2017-06-05,445.0,450.0,443.0,443.0,"12,176"
ADBL,2017-06-06,443.0,458.0,448.0,454.0,"10,899"
ADBL,2017-06-07,454.0,463.0,450.0,453.0,"14,334"
ADBL,2017-06-08,453.0,452.0,444.0,449.0,"6,842"
ADBL,2017-06-11,449.0,448.0,440.0,444.0,"7,886"
ADBL,2017-06-12,444.0,446.0,434.0,445.0,"9,184"
ADBL,2017-06-13,445.0,444.0,435.0,435.0,"13,963"
ADBL,2017-06-14,435.0,440.0,434.0,435.0,"8,869"
ADBL,2017-06-15,435.0,442.0,432.0,440.0,"15,064"
ADBL,2017-06-18,440.0,440.0,428.0,431.0,"19,261"
ADBL,2017-06-19,431.0,431.0,417.0,427.0,"21,359"
ADBL,2017-06-20,427.0,429.0,415.0,423.0,"12,740"
ADBL,2017-06-21,423.0,425.0,417.0,421.0,"6,334"
ADBL,2017-06-22,421.0,429.0,420.0,421.0,"16,465"
ADBL,2017-06-25,421.0,426.0,419.0,423.0,"10,516"
ADBL,2017-06-27,423.0,425.0,420.0,422.0,"11,352"
ADBL,2017-06-28,422.0,428.0,415.0,428.0,"10,162"
ADBL,2017-07-02,428.0,430.0,419.0,428.0,"14,946"
ADBL,2017-07-03,428.0,430.0,420.0,423.0,"7,794"
ADBL,2017-07-04,423.0,426.0,419.0,420.0,"13,712"
ADBL,2017-07-05,420.0,425.0,419.0,425.0,"11,348"
ADBL,2017-07-06,425.0,437.0,425.0,437.0,"18,660"
ADBL,2017-07-09,437.0,446.0,430.0,441.0,"20,091"
ADBL,2017-07-10,441.0,440.0,430.0,433.0,"12,785"
ADBL,2017-07-11,433.0,440.0,430.0,435.0,"9,864"
ADBL,2017-07-12,435.0,440.0,432.0,432.0,"8,794"
ADBL,2017-07-13,432.0,437.0,430.0,435.0,"12,875"
ADBL,2017-07-16,435.0,435.0,430.0,433.0,"4,465"
ADBL,2017-07-17,433.0,448.0,433.0,448.0,"16,129"
ADBL,2017-07-18,448.0,472.0,449.0,472.0,"27,796"
ADBL,2017-07-19,472.0,470.0,460.0,460.0,"21,239"
ADBL,2017-07-20,460.0,465.0,454.0,461.0,"10,954"
ADBL,2017-07-23,461.0,465.0,455.0,459.0,"16,709"
ADBL,2017-07-24,459.0,460.0,454.0,455.0,"13,393"
ADBL,2017-07-25,455.0,461.0,454.0,458.0,"16,138"
ADBL,2017-07-26,458.0,460.0,448.0,450.0,"22,953"
ADBL,2017-07-27,450.0,460.0,450.0,460.0,"11,335"
ADBL,2017-07-30,460.0,461.0,445.0,451.0,"9,537"
ADBL,2017-07-31,451.0,459.0,450.0,453.0,"12,315"
ADBL,2017-08-01,453.0,469.0,450.0,454.0,"9,280"
ADBL,2017-08-02,454.0,456.0,453.0,454.0,"12,168"
ADBL,2017-08-03,454.0,459.0,450.0,453.0,"14,097"
ADBL,2017-08-06,453.0,456.0,450.0,454.0,"18,930"
ADBL,2017-08-07,454.0,463.0,452.0,453.0,"11,926"
ADBL,2017-08-09,453.0,460.0,444.0,450.0,"17,516"
ADBL,2017-08-10,450.0,454.0,443.0,450.0,"21,245"
ADBL,2017-08-13,450.0,449.0,440.0,445.0,"14,415"
ADBL,2017-08-15,445.0,446.0,441.0,441.0,"15,104"
ADBL,2017-08-16,441.0,448.0,442.0,444.0,"11,304"
ADBL,2017-08-17,444.0,449.0,438.0,443.0,"23,326"
ADBL,2017-08-20,443.0,444.0,435.0,440.0,"16,054"
ADBL,2017-08-21,440.0,442.0,432.0,438.0,"5,674"
ADBL,2017-08-22,438.0,442.0,436.0,441.0,"12,396"
ADBL,2017-08-23,441.0,442.0,438.0,441.0,"7,718"
ADBL,2017-08-24,441.0,453.0,434.0,443.0,"11,438"
ADBL,2017-08-27,443.0,451.0,443.0,446.0,"3,889"
ADBL,2017-08-28,446.0,452.0,444.0,446.0,"7,897"
ADBL,2017-08-30,446.0,443.0,435.0,438.0,"14,820"
ADBL,2017-08-31,438.0,438.0,432.0,437.0,"15,528"
ADBL,2017-09-04,437.0,439.0,426.0,430.0,"33,009"
ADBL,2017-09-06,430.0,440.0,425.0,438.0,"11,603"
ADBL,2017-09-07,438.0,438.0,426.0,428.0,"34,082"
ADBL,2017-09-10,428.0,431.0,423.0,425.0,"37,704"
ADBL,2017-09-11,425.0,430.0,420.0,424.0,"17,950"
ADBL,2017-09-12,424.0,426.0,420.0,421.0,"27,903"
ADBL,2017-09-13,421.0,423.0,418.0,420.0,"32,249"
ADBL,2017-09-14,420.0,447.0,419.0,447.0,"42,524"
ADBL,2017-09-17,447.0,459.0,438.0,447.0,"49,764"
ADBL,2017-09-18,447.0,452.0,443.0,443.0,"33,400"
ADBL,2017-09-20,443.0,443.0,435.0,439.0,"10,450"
ADBL,2017-09-24,439.0,443.0,439.0,441.0,"3,718"
ADBL,2017-09-25,441.0,448.0,440.0,448.0,"2,882"
ADBL,2017-09-26,448.0,449.0,443.0,448.0,"5,132"
ADBL,2017-10-03,448.0,453.0,446.0,453.0,"3,164"
ADBL,2017-10-04,453.0,450.0,437.0,440.0,"6,475"
ADBL,2017-10-08,440.0,432.0,420.0,432.0,"15,759"
ADBL,2017-10-09,432.0,433.0,425.0,431.0,"17,649"
ADBL,2017-10-10,431.0,438.0,423.0,427.0,"19,003"
ADBL,2017-10-11,427.0,431.0,425.0,428.0,"11,993"
ADBL,2017-10-12,428.0,435.0,428.0,429.0,"5,474"
ADBL,2017-10-15,429.0,433.0,427.0,433.0,"5,553"
ADBL,2017-10-16,433.0,451.0,434.0,442.0,"18,696"
ADBL,2017-10-17,442.0,450.0,436.0,449.0,"12,124"
ADBL,2017-10-18,449.0,450.0,438.0,444.0,"12,688"
ADBL,2017-10-22,444.0,458.0,436.0,450.0,"11,183"
ADBL,2017-10-23,450.0,455.0,445.0,449.0,"12,644"
ADBL,2017-10-24,449.0,452.0,445.0,448.0,"9,549"
ADBL,2017-10-25,448.0,451.0,444.0,449.0,"17,137"
ADBL,2017-10-29,449.0,447.0,440.0,442.0,"7,203"
ADBL,2017-10-30,442.0,443.0,437.0,437.0,"13,723"
ADBL,2017-10-31,437.0,440.0,433.0,437.0,"8,889"
ADBL,2017-11-01,437.0,437.0,429.0,434.0,"6,291"
ADBL,2017-11-02,434.0,442.0,430.0,440.0,"8,331"
ADBL,2017-11-05,440.0,440.0,424.0,430.0,"16,936"
ADBL,2017-11-06,430.0,430.0,420.0,429.0,"29,796"
ADBL,2017-11-07,429.0,436.0,420.0,422.0,"26,141"
ADBL,2017-11-08,422.0,422.0,414.0,416.0,"17,305"
ADBL,2017-11-09,416.0,427.0,412.0,415.0,"9,434"
ADBL,2017-11-12,415.0,425.0,415.0,423.0,"9,098"
ADBL,2017-11-13,423.0,428.0,420.0,428.0,"14,684"
ADBL,2017-11-14,428.0,434.0,424.0,432.0,"14,580"
ADBL,2017-11-15,432.0,432.0,426.0,428.0,"3,596"
ADBL,2017-11-16,428.0,435.0,420.0,420.0,"13,740"
ADBL,2017-11-19,420.0,422.0,412.0,420.0,"13,373"
ADBL,2017-11-20,420.0,422.0,418.0,421.0,"4,579"
ADBL,2017-11-21,421.0,425.0,421.0,423.0,"4,762"
ADBL,2017-11-22,423.0,429.0,421.0,425.0,"5,998"
ADBL,2017-11-23,425.0,430.0,425.0,425.0,"7,260"
ADBL,2017-11-26,425.0,441.0,425.0,432.0,"10,953"
ADBL,2017-11-27,432.0,435.0,430.0,430.0,"6,918"
ADBL,2017-11-28,430.0,432.0,425.0,431.0,"12,551"
ADBL,2017-11-29,431.0,439.0,430.0,436.0,"19,013"
ADBL,2017-11-30,436.0,438.0,431.0,437.0,"10,518"
ADBL,2017-12-04,437.0,437.0,430.0,435.0,"10,306"
ADBL,2017-12-05,435.0,442.0,430.0,431.0,"6,588"
ADBL,2017-12-06,431.0,437.0,426.0,435.0,"9,725"
ADBL,2017-12-10,435.0,451.0,428.0,430.0,"11,646"
ADBL,2017-12-11,430.0,433.0,424.0,431.0,"12,873"
ADBL,2017-12-12,431.0,431.0,426.0,427.0,"15,642"
ADBL,2017-12-13,427.0,431.0,421.0,428.0,"4,262"
ADBL,2017-12-14,428.0,433.0,424.0,425.0,"5,967"
ADBL,2017-12-17,425.0,430.0,423.0,423.0,"6,121"
ADBL,2017-12-18,423.0,426.0,422.0,426.0,"4,333"
ADBL,2017-12-19,426.0,426.0,421.0,424.0,"8,052"
ADBL,2017-12-20,424.0,426.0,419.0,422.0,"3,192"
ADBL,2017-12-21,422.0,423.0,417.0,420.0,"7,557"
ADBL,2017-12-24,420.0,428.0,420.0,421.0,"7,917"
ADBL,2017-12-26,421.0,426.0,411.0,420.0,"7,244"
ADBL,2017-12-27,420.0,418.0,408.0,415.0,"11,368"
ADBL,2017-12-28,415.0,417.0,400.0,410.0,"9,917"
ADBL,2017-12-31,410.0,409.0,400.0,402.0,"27,546"
ADBL,2018-01-01,402.0,414.0,405.0,414.0,"6,665"
ADBL,2018-01-02,414.0,430.0,416.0,425.0,"55,870"
ADBL,2018-01-03,425.0,428.0,419.0,422.0,"15,373"
ADBL,2018-01-04,422.0,421.0,416.0,421.0,"5,788"
ADBL,2018-01-07,421.0,429.0,416.0,423.0,"18,051"
ADBL,2018-01-08,423.0,430.0,420.0,425.0,"8,389"
ADBL,2018-01-09,425.0,427.0,422.0,425.0,"7,302"
ADBL,2018-01-10,425.0,427.0,421.0,425.0,"7,277"
ADBL,2018-01-14,425.0,427.0,417.0,420.0,"10,523"
ADBL,2018-01-16,420.0,421.0,415.0,417.0,"4,270"
ADBL,2018-01-17,417.0,417.0,409.0,413.0,"6,401"
ADBL,2018-01-21,413.0,420.0,413.0,419.0,"21,733"
ADBL,2018-01-22,419.0,422.0,418.0,420.0,"18,056"
ADBL,2018-01-23,420.0,421.0,415.0,416.0,"15,725"
ADBL,2018-01-24,416.0,420.0,412.0,419.0,"14,131"
ADBL,2018-01-25,419.0,420.0,417.0,420.0,"13,110"
ADBL,2018-01-28,420.0,423.0,415.0,415.0,"49,337"
ADBL,2018-01-29,346.0,347.0,340.0,340.0,"8,266"
ADBL,2018-01-31,340.0,344.0,340.0,344.0,"4,790"
ADBL,2018-02-01,344.0,345.0,343.0,344.0,"6,191"
ADBL,2018-02-04,344.0,350.0,342.0,350.0,"8,959"
ADBL,2018-02-05,350.0,350.0,342.0,342.0,"8,109"
ADBL,2018-02-06,342.0,347.0,340.0,347.0,"5,214"
ADBL,2018-02-07,347.0,346.0,341.0,342.0,"5,012"
ADBL,2018-02-08,342.0,345.0,336.0,342.0,"3,523"
ADBL,2018-02-11,342.0,343.0,341.0,342.0,"1,760"
ADBL,2018-02-12,342.0,342.0,340.0,340.0,"3,785"
ADBL,2018-02-14,340.0,342.0,335.0,340.0,"4,167"
ADBL,2018-02-15,340.0,350.0,341.0,350.0,"7,548"
ADBL,2018-02-18,355.0,359.0,348.0,350.0,"11,904"
ADBL,2018-02-20,350.0,351.0,340.0,340.0,"6,728"
ADBL,2018-02-21,341.0,341.0,339.0,340.0,"2,461"
ADBL,2018-02-22,341.0,342.0,338.0,340.0,"4,099"
ADBL,2018-02-25,342.0,342.0,335.0,338.0,"3,932"
ADBL,2018-02-26,337.0,337.0,335.0,335.0,"4,951"
ADBL,2018-02-27,334.0,342.0,332.0,338.0,"4,409"
ADBL,2018-02-28,338.0,339.0,334.0,334.0,"13,018"
ADBL,2018-03-04,328.0,330.0,325.0,328.0,"16,726"
ADBL,2018-03-05,329.0,330.0,323.0,324.0,"16,594"
ADBL,2018-03-06,320.0,328.0,320.0,327.0,"5,748"
ADBL,2018-03-07,327.0,333.0,327.0,330.0,"6,817"
ADBL,2018-03-11,331.0,331.0,326.0,326.0,"6,491"
ADBL,2018-03-12,326.0,331.0,326.0,328.0,"10,231"
ADBL,2018-03-13,328.0,333.0,327.0,333.0,"8,561"
ADBL,2018-03-14,330.0,335.0,328.0,335.0,"8,410"
ADBL,2018-03-15,330.0,337.0,330.0,335.0,"10,440"
ADBL,2018-03-18,339.0,339.0,333.0,334.0,"5,791"
ADBL,2018-03-19,335.0,335.0,325.0,325.0,"5,937"
ADBL,2018-03-20,321.0,327.0,321.0,323.0,"2,133"
ADBL,2018-03-21,317.0,321.0,314.0,316.0,"11,081"
ADBL,2018-03-22,319.0,320.0,310.0,316.0,"6,600"
ADBL,2018-03-26,310.0,313.0,299.0,300.0,"10,390"
ADBL,2018-03-27,306.0,326.0,283.0,316.0,"16,469"
ADBL,2018-03-28,316.0,317.0,307.0,311.0,"12,154"
ADBL,2018-03-29,311.0,320.0,311.0,318.0,"8,252"
ADBL,2018-04-01,320.0,320.0,308.0,313.0,"6,979"
ADBL,2018-04-02,314.0,318.0,310.0,314.0,"6,267"
ADBL,2018-04-03,310.0,318.0,310.0,315.0,"3,431"
ADBL,2018-04-04,316.0,326.0,315.0,325.0,"12,813"
ADBL,2018-04-05,330.0,335.0,321.0,331.0,"22,167"
ADBL,2018-04-08,333.0,348.0,331.0,340.0,"17,000"
ADBL,2018-04-09,341.0,346.0,334.0,335.0,"13,810"
ADBL,2018-04-10,330.0,337.0,325.0,334.0,"6,099"
ADBL,2018-04-11,332.0,335.0,328.0,335.0,"5,135"
ADBL,2018-04-12,336.0,340.0,332.0,337.0,"9,067"
ADBL,2018-04-15,335.0,340.0,326.0,340.0,"7,648"
ADBL,2018-04-16,340.0,341.0,335.0,338.0,"5,765"
ADBL,2018-04-17,340.0,343.0,336.0,337.0,"17,345"
ADBL,2018-04-18,340.0,354.0,337.0,345.0,"17,497"
ADBL,2018-04-19,351.0,353.0,347.0,351.0,"24,467"
ADBL,2018-04-22,352.0,370.0,352.0,369.0,"36,790"
ADBL,2018-04-23,376.0,382.0,360.0,360.0,"39,505"
ADBL,2018-04-24,355.0,365.0,345.0,359.0,"16,417"
ADBL,2018-04-25,360.0,360.0,351.0,352.0,"10,118"
ADBL,2018-04-26,353.0,354.0,345.0,348.0,"10,047"
ADBL,2018-04-29,342.0,348.0,337.0,344.0,"10,608"
ADBL,2018-05-02,340.0,342.0,338.0,341.0,"5,447"
ADBL,2018-05-03,343.0,352.0,343.0,346.0,"9,858"
ADBL,2018-05-06,346.0,346.0,343.0,343.0,"9,671"
ADBL,2018-05-07,340.0,345.0,339.0,343.0,"6,251"
ADBL,2018-05-08,343.0,343.0,340.0,343.0,"5,181"
ADBL,2018-05-09,345.0,347.0,344.0,344.0,"6,849"
ADBL,2018-05-10,340.0,346.0,337.0,343.0,"11,575"
ADBL,2018-05-14,339.0,344.0,338.0,341.0,"4,201"
ADBL,2018-05-15,341.0,342.0,337.0,339.0,"2,916"
ADBL,2018-05-16,338.0,344.0,337.0,341.0,"3,039"
ADBL,2018-05-17,342.0,343.0,339.0,339.0,"6,983"
ADBL,2018-05-20,342.0,344.0,338.0,340.0,"9,261"
ADBL,2018-05-21,335.0,340.0,335.0,340.0,"10,925"
ADBL,2018-05-22,335.0,340.0,335.0,337.0,"6,973"
ADBL,2018-05-23,340.0,340.0,334.0,334.0,"8,116"
ADBL,2018-05-24,335.0,338.0,335.0,335.0,"5,963"
ADBL,2018-05-27,335.0,335.0,330.0,332.0,"6,118"
ADBL,2018-05-28,330.0,347.0,328.0,340.0,"5,764"
ADBL,2018-05-29,340.0,342.0,334.0,337.0,"9,698"
ADBL,2018-05-30,337.0,340.0,335.0,340.0,"11,065"
ADBL,2018-05-31,340.0,340.0,337.0,339.0,"8,381"
ADBL,2018-06-03,335.0,336.0,326.0,330.0,"14,980"
ADBL,2018-06-04,326.0,331.0,324.0,329.0,"6,154"
ADBL,2018-06-06,332.0,340.0,332.0,336.0,"3,379"
ADBL,2018-06-07,336.0,336.0,325.0,327.0,"3,481"
ADBL,2018-06-10,327.0,327.0,314.0,317.0,"9,920"
ADBL,2018-06-11,317.0,326.0,316.0,323.0,"5,594"
ADBL,2018-06-12,319.0,323.0,317.0,320.0,"3,235"
ADBL,2018-06-13,320.0,322.0,316.0,318.0,"3,924"
ADBL,2018-06-14,319.0,324.0,319.0,321.0,"3,956"
ADBL,2018-06-17,320.0,320.0,314.0,320.0,"1,083"
ADBL,2018-06-18,320.0,320.0,310.0,320.0,"6,878"
ADBL,2018-06-19,322.0,322.0,316.0,316.0,"3,309"
ADBL,2018-06-20,314.0,314.0,309.0,312.0,"5,309"
ADBL,2018-06-21,310.0,316.0,310.0,310.0,"9,336"
ADBL,2018-06-24,306.0,317.0,306.0,314.0,"3,045"
ADBL,2018-06-25,316.0,316.0,311.0,313.0,"3,561"
ADBL,2018-06-26,311.0,313.0,307.0,311.0,"7,623"
ADBL,2018-06-27,310.0,312.0,308.0,311.0,"1,402"
ADBL,2018-06-28,310.0,312.0,308.0,312.0,"10,595"
ADBL,2018-07-01,311.0,311.0,305.0,305.0,"5,338"
ADBL,2018-07-02,300.0,308.0,299.0,305.0,"4,610"
ADBL,2018-07-03,302.0,308.0,302.0,305.0,"3,991"
ADBL,2018-07-04,305.0,310.0,300.0,309.0,"8,901"
ADBL,2018-07-05,312.0,318.0,311.0,318.0,"2,638"
ADBL,2018-07-08,317.0,321.0,316.0,316.0,"9,349"
ADBL,2018-07-09,316.0,316.0,308.0,310.0,"4,364"
ADBL,2018-07-10,311.0,314.0,310.0,313.0,"47,740"
ADBL,2018-07-11,315.0,317.0,310.0,312.0,"40,507"
ADBL,2018-07-12,313.0,315.0,310.0,310.0,"12,730"
ADBL,2018-07-15,309.0,314.0,309.0,311.0,"2,890"
ADBL,2018-07-16,311.0,315.0,311.0,314.0,"32,979"
ADBL,2018-07-17,316.0,317.0,315.0,315.0,"1,983"
ADBL,2018-07-18,315.0,317.0,313.0,317.0,"3,133"
ADBL,2018-07-19,316.0,317.0,311.0,315.0,"6,170"
ADBL,2018-07-22,314.0,316.0,313.0,314.0,"8,337"
ADBL,2018-07-23,314.0,317.0,313.0,313.0,"3,905"
ADBL,2018-07-24,313.0,318.0,313.0,313.0,"7,297"
ADBL,2018-07-25,315.0,315.0,311.0,314.0,"6,281"
ADBL,2018-07-26,314.0,315.0,313.0,315.0,"5,608"
ADBL,2018-07-29,318.0,319.0,315.0,318.0,"9,058"
ADBL,2018-07-30,316.0,319.0,315.0,319.0,"5,984"
ADBL,2018-07-31,319.0,321.0,318.0,321.0,"7,541"
ADBL,2018-08-01,319.0,323.0,319.0,322.0,"9,526"
ADBL,2018-08-02,322.0,327.0,321.0,327.0,"5,188"
ADBL,2018-08-05,327.0,328.0,325.0,328.0,"3,712"
ADBL,2018-08-06,328.0,328.0,325.0,326.0,"9,520"
ADBL,2018-08-07,325.0,326.0,324.0,326.0,"4,342"
ADBL,2018-08-08,325.0,327.0,322.0,325.0,"1,567"
ADBL,2018-08-09,322.0,325.0,319.0,325.0,"5,748"
ADBL,2018-08-12,322.0,322.0,313.0,320.0,"3,439"
ADBL,2018-08-13,315.0,319.0,315.0,317.0,"2,778"
ADBL,2018-08-14,317.0,324.0,317.0,324.0,"6,036"
ADBL,2018-08-15,326.0,343.0,326.0,339.0,"37,824"
ADBL,2018-08-16,344.0,345.0,335.0,340.0,"25,581"
ADBL,2018-08-19,344.0,344.0,338.0,338.0,"21,370"
ADBL,2018-08-20,340.0,340.0,332.0,335.0,"14,359"
ADBL,2018-08-21,335.0,335.0,331.0,333.0,"8,787"
ADBL,2018-08-22,335.0,344.0,331.0,344.0,"3,613"
ADBL,2018-08-23,338.0,338.0,333.0,335.0,"7,504"
ADBL,2018-08-26,335.0,337.0,330.0,333.0,"3,588"
ADBL,2018-08-28,333.0,335.0,330.0,333.0,"7,354"
ADBL,2018-08-29,334.0,334.0,330.0,331.0,"6,392"
ADBL,2018-08-30,331.0,335.0,331.0,334.0,"9,985"
ADBL,2018-09-02,333.0,340.0,333.0,340.0,"9,661"
ADBL,2018-09-03,336.0,347.0,336.0,342.0,"15,425"
ADBL,2018-09-04,340.0,347.0,340.0,344.0,"17,187"
ADBL,2018-09-05,341.0,362.0,341.0,356.0,"29,704"
ADBL,2018-09-06,360.0,368.0,350.0,352.0,"33,936"
ADBL,2018-09-09,353.0,353.0,346.0,346.0,"7,740"
ADBL,2018-09-10,346.0,346.0,340.0,342.0,"4,112"
ADBL,2018-09-11,340.0,350.0,340.0,345.0,"4,778"
ADBL,2018-09-12,345.0,355.0,345.0,352.0,"12,667"
ADBL,2018-09-13,352.0,359.0,351.0,359.0,"20,006"
ADBL,2018-09-16,360.0,377.0,356.0,367.0,"53,133"
ADBL,2018-09-17,367.0,370.0,359.0,360.0,"21,307"
ADBL,2018-09-18,358.0,362.0,357.0,359.0,"9,249"
ADBL,2018-09-20,352.0,364.0,352.0,359.0,"9,880"
ADBL,2018-09-23,364.0,364.0,357.0,361.0,"19,281"
ADBL,2018-09-25,361.0,373.0,361.0,371.0,"44,925"
ADBL,2018-09-26,372.0,375.0,364.0,365.0,"18,655"
ADBL,2018-09-27,365.0,370.0,365.0,365.0,"14,911"
ADBL,2018-09-30,362.0,366.0,361.0,361.0,"11,183"
ADBL,2018-10-01,358.0,362.0,352.0,352.0,"21,976"
ADBL,2018-10-02,352.0,358.0,352.0,353.0,"12,983"
ADBL,2018-10-03,352.0,354.0,347.0,347.0,"28,516"
ADBL,2018-10-04,350.0,350.0,345.0,348.0,"15,025"
ADBL,2018-10-07,345.0,348.0,344.0,344.0,"10,164"
ADBL,2018-10-08,344.0,357.0,344.0,349.0,"9,581"
ADBL,2018-10-09,350.0,350.0,347.0,347.0,"9,551"
ADBL,2018-10-10,347.0,348.0,345.0,347.0,"6,502"
ADBL,2018-10-11,349.0,352.0,346.0,350.0,"10,534"
ADBL,2018-10-14,352.0,358.0,350.0,357.0,"12,769"
ADBL,2018-10-15,364.0,364.0,354.0,354.0,"11,617"
ADBL,2018-10-21,361.0,361.0,355.0,355.0,"3,483"
ADBL,2018-10-22,355.0,355.0,352.0,355.0,"3,196"
ADBL,2018-10-23,355.0,358.0,354.0,358.0,"6,474"
ADBL,2018-10-24,355.0,358.0,353.0,358.0,"3,065"
ADBL,2018-10-25,358.0,358.0,355.0,357.0,"5,436"
ADBL,2018-10-28,355.0,355.0,350.0,353.0,"11,851"
ADBL,2018-10-29,350.0,351.0,348.0,350.0,"8,152"
ADBL,2018-10-30,349.0,354.0,348.0,352.0,"11,760"
ADBL,2018-10-31,359.0,355.0,350.0,352.0,"9,391"
ADBL,2018-11-01,350.0,352.0,350.0,352.0,"6,758"
ADBL,2018-11-04,350.0,353.0,348.0,348.0,"15,056"
ADBL,2018-11-05,348.0,352.0,348.0,349.0,"10,438"
ADBL,2018-11-06,349.0,354.0,348.0,354.0,"1,030"
ADBL,2018-11-11,354.0,356.0,352.0,352.0,"3,083"
ADBL,2018-11-12,349.0,352.0,347.0,348.0,"1,885"
ADBL,2018-11-13,349.0,351.0,348.0,349.0,"3,940"
ADBL,2018-11-14,349.0,352.0,349.0,350.0,"1,763"
ADBL,2018-11-15,350.0,351.0,348.0,349.0,"5,701"
ADBL,2018-11-18,347.0,347.0,343.0,345.0,"6,006"
ADBL,2018-11-19,347.0,347.0,344.0,346.0,"5,455"
ADBL,2018-11-20,349.0,349.0,342.0,347.0,"2,001"
ADBL,2018-11-21,353.0,353.0,342.0,343.0,"6,780"
ADBL,2018-11-22,340.0,345.0,340.0,344.0,"6,445"
ADBL,2018-11-25,345.0,345.0,341.0,341.0,"8,678"
ADBL,2018-11-26,340.0,340.0,335.0,339.0,"5,374"
ADBL,2018-11-27,338.0,346.0,338.0,340.0,"5,914"
ADBL,2018-11-28,340.0,340.0,339.0,340.0,"2,677"
ADBL,2018-11-29,337.0,340.0,336.0,338.0,"6,964"
ADBL,2018-12-02,335.0,336.0,329.0,333.0,"9,756"
ADBL,2018-12-03,332.0,335.0,329.0,330.0,"9,202"
ADBL,2018-12-04,326.0,335.0,326.0,334.0,"2,973"
ADBL,2018-12-05,340.0,340.0,326.0,329.0,"21,447"
ADBL,2018-12-06,323.0,331.0,320.0,327.0,"8,394"
ADBL,2018-12-09,327.0,335.0,327.0,335.0,"2,982"
ADBL,2018-12-10,334.0,340.0,330.0,335.0,"5,830"
ADBL,2018-12-11,335.0,339.0,333.0,336.0,"3,705"
ADBL,2018-12-12,341.0,341.0,337.0,337.0,990
ADBL,2018-12-13,337.0,345.0,335.0,338.0,"5,226"
ADBL,2018-12-16,344.0,344.0,341.0,344.0,"18,570"
ADBL,2018-12-17,341.0,355.0,340.0,355.0,"5,225"
ADBL,2018-12-18,355.0,355.0,343.0,344.0,"10,127"
ADBL,2018-12-19,344.0,345.0,342.0,343.0,"3,717"
ADBL,2018-12-20,347.0,351.0,346.0,349.0,"14,032"
ADBL,2018-12-23,355.0,362.0,352.0,357.0,"16,974"
ADBL,2018-12-24,361.0,362.0,352.0,357.0,"14,350"
ADBL,2018-12-25,352.0,353.0,351.0,353.0,"8,383"
ADBL,2018-12-26,353.0,362.0,352.0,362.0,"22,157"
ADBL,2018-12-27,362.0,365.0,358.0,359.0,"36,773"
ADBL,2018-12-30,359.0,359.0,351.0,351.0,"11,317"
ADBL,2018-12-31,350.0,352.0,347.0,349.0,"14,754"
ADBL,2019-01-01,346.0,350.0,344.0,346.0,"22,211"
ADBL,2019-01-02,347.0,347.0,345.0,345.0,"7,467"
ADBL,2019-01-03,340.0,348.0,340.0,345.0,"7,294"
ADBL,2019-01-06,348.0,352.0,344.0,344.0,"9,776"
ADBL,2019-01-07,344.0,350.0,344.0,346.0,"2,680"
ADBL,2019-01-08,347.0,349.0,347.0,349.0,"8,069"
ADBL,2019-01-09,349.0,351.0,348.0,348.0,"8,599"
ADBL,2019-01-10,354.0,354.0,348.0,350.0,"4,955"
ADBL,2019-01-13,357.0,357.0,346.0,349.0,"22,250"
ADBL,2019-01-14,350.0,351.0,348.0,350.0,"20,430"
ADBL,2019-01-15,348.0,350.0,348.0,350.0,"7,663"
ADBL,2019-01-16,350.0,351.0,348.0,350.0,"9,525"
ADBL,2019-01-17,347.0,350.0,345.0,345.0,"3,486"
ADBL,2019-01-20,345.0,345.0,341.0,345.0,"3,502"
ADBL,2019-01-21,345.0,346.0,340.0,342.0,"6,616"
ADBL,2019-01-22,338.0,343.0,337.0,343.0,"5,188"
ADBL,2019-01-23,343.0,344.0,342.0,343.0,"2,273"
ADBL,2019-01-24,344.0,344.0,342.0,342.0,"16,140"
ADBL,2019-01-27,342.0,342.0,339.0,339.0,"4,235"
ADBL,2019-01-28,339.0,345.0,338.0,342.0,"8,647"
ADBL,2019-01-29,342.0,342.0,340.0,341.0,"2,612"
ADBL,2019-01-30,340.0,341.0,339.0,339.0,"3,892"
ADBL,2019-01-31,342.0,342.0,339.0,339.0,"5,850"
ADBL,2019-02-03,337.0,340.0,337.0,338.0,"12,977"
ADBL,2019-02-04,338.0,340.0,335.0,339.0,"13,265"
ADBL,2019-02-05,340.0,340.0,338.0,338.0,"5,648"
ADBL,2019-02-06,352.0,352.0,335.0,335.0,"6,099"
ADBL,2019-02-07,330.0,337.0,330.0,334.0,"5,500"
ADBL,2019-02-10,335.0,335.0,330.0,332.0,"6,098"
ADBL,2019-02-11,328.0,335.0,328.0,332.0,"6,268"
ADBL,2019-02-12,330.0,333.0,330.0,332.0,"5,722"
ADBL,2019-02-13,330.0,332.0,329.0,329.0,"13,830"
ADBL,2019-02-14,331.0,331.0,327.0,330.0,"13,107"
ADBL,2019-02-17,330.0,336.0,328.0,330.0,"18,875"
ADBL,2019-02-18,328.0,330.0,325.0,329.0,"9,327"
ADBL,2019-02-19,324.0,333.0,324.0,333.0,"3,150"
ADBL,2019-02-20,333.0,333.0,329.0,329.0,"2,685"
ADBL,2019-02-21,329.0,335.0,329.0,333.0,"9,054"
ADBL,2019-02-24,333.0,333.0,329.0,330.0,"6,833"
ADBL,2019-02-25,332.0,333.0,327.0,331.0,"15,959"
ADBL,2019-02-26,331.0,334.0,331.0,332.0,"18,064"
ADBL,2019-02-27,330.0,335.0,330.0,333.0,"27,442"
ADBL,2019-03-03,308.0,308.0,291.0,294.0,"14,076"
ADBL,2019-03-05,291.0,294.0,291.0,292.0,"5,732"
ADBL,2019-03-06,292.0,293.0,290.0,292.0,"2,085"
ADBL,2019-03-07,292.0,294.0,290.0,294.0,"8,624"
ADBL,2019-03-10,294.0,294.0,292.0,294.0,"2,777"
ADBL,2019-03-11,298.0,301.0,295.0,298.0,"9,999"
ADBL,2019-03-12,300.0,306.0,298.0,305.0,"16,058"
ADBL,2019-03-13,305.0,306.0,300.0,303.0,"14,926"
ADBL,2019-03-14,301.0,303.0,296.0,302.0,"6,707"
ADBL,2019-03-17,303.0,305.0,300.0,302.0,"8,247"
ADBL,2019-03-18,303.0,304.0,301.0,301.0,"10,211"
ADBL,2019-03-19,301.0,301.0,298.0,298.0,"3,883"
ADBL,2019-03-21,297.0,300.0,296.0,296.0,"3,230"
ADBL,2019-03-24,299.0,299.0,293.0,293.0,"8,327"
ADBL,2019-03-25,294.0,298.0,292.0,294.0,"8,653"
ADBL,2019-03-26,298.0,298.0,293.0,294.0,"10,218"
ADBL,2019-03-27,296.0,299.0,293.0,294.0,"4,409"
ADBL,2019-03-28,298.0,298.0,292.0,294.0,"9,227"
ADBL,2019-03-31,296.0,296.0,293.0,295.0,"11,187"
ADBL,2019-04-01,295.0,297.0,292.0,297.0,"12,690"
ADBL,2019-04-02,299.0,304.0,299.0,302.0,"15,332"
ADBL,2019-04-03,301.0,307.0,301.0,305.0,"15,802"
ADBL,2019-04-04,305.0,305.0,301.0,304.0,"11,579"
ADBL,2019-04-07,301.0,309.0,298.0,309.0,"11,864"
ADBL,2019-04-08,311.0,320.0,310.0,316.0,"21,933"
ADBL,2019-04-09,311.0,318.0,311.0,311.0,"21,533"
ADBL,2019-04-10,312.0,314.0,310.0,312.0,"8,299"
ADBL,2019-04-11,313.0,319.0,313.0,315.0,"22,147"
ADBL,2019-04-15,313.0,318.0,313.0,318.0,"11,551"
ADBL,2019-04-16,313.0,327.0,313.0,326.0,"17,829"
ADBL,2019-04-17,332.0,338.0,326.0,338.0,"24,403"
ADBL,2019-04-18,341.0,350.0,336.0,350.0,"49,470"
ADBL,2019-04-21,350.0,350.0,343.0,348.0,"28,028"
ADBL,2019-04-22,353.0,353.0,336.0,342.0,"19,348"
ADBL,2019-04-23,346.0,346.0,340.0,346.0,"17,832"
ADBL,2019-04-24,342.0,354.0,341.0,354.0,"68,938"
ADBL,2019-04-25,354.0,389.0,354.0,388.0,"145,400"
ADBL,2019-04-28,395.0,410.0,389.0,395.0,"111,393"
ADBL,2019-04-29,395.0,395.0,383.0,389.0,"45,136"
ADBL,2019-04-30,389.0,391.0,382.0,390.0,"27,561"
ADBL,2019-05-02,383.0,387.0,381.0,385.0,"24,698"
ADBL,2019-05-05,385.0,385.0,376.0,379.0,"55,477"
ADBL,2019-05-06,377.0,388.0,374.0,388.0,"40,670"
ADBL,2019-05-07,390.0,390.0,384.0,389.0,"39,057"
ADBL,2019-05-08,388.0,390.0,384.0,388.0,"35,169"
ADBL,2019-05-09,394.0,396.0,386.0,388.0,"94,677"
ADBL,2019-05-12,387.0,390.0,384.0,390.0,"17,340"
ADBL,2019-05-13,390.0,391.0,384.0,386.0,"20,540"
ADBL,2019-05-14,388.0,421.0,388.0,416.0,"194,265"
ADBL,2019-05-15,417.0,447.0,416.0,438.0,"133,601"
ADBL,2019-05-16,445.0,445.0,421.0,421.0,"112,016"
ADBL,2019-05-19,425.0,430.0,416.0,422.0,"67,027"
ADBL,2019-05-20,430.0,432.0,416.0,418.0,"59,854"
ADBL,2019-05-21,421.0,422.0,413.0,418.0,"42,776"
ADBL,2019-05-22,420.0,426.0,418.0,424.0,"92,882"
ADBL,2019-05-23,427.0,438.0,426.0,431.0,"97,795"
ADBL,2019-05-26,432.0,434.0,423.0,425.0,"50,429"
ADBL,2019-05-27,419.0,426.0,419.0,422.0,"44,153"
ADBL,2019-05-28,428.0,428.0,420.0,421.0,"13,321"
ADBL,2019-05-29,422.0,426.0,420.0,424.0,"54,281"
ADBL,2019-05-30,437.0,451.0,426.0,428.0,"94,006"
ADBL,2019-06-02,433.0,433.0,420.0,422.0,"29,715"
ADBL,2019-06-03,430.0,430.0,414.0,414.0,"64,123"
ADBL,2019-06-04,415.0,420.0,414.0,416.0,"48,716"
ADBL,2019-06-06,418.0,418.0,413.0,413.0,"25,497"
ADBL,2019-06-10,413.0,416.0,411.0,412.0,"33,018"
ADBL,2019-06-11,412.0,417.0,412.0,416.0,"62,742"
ADBL,2019-06-12,413.0,415.0,411.0,415.0,"17,469"
ADBL,2019-06-13,412.0,415.0,411.0,411.0,"30,086"
ADBL,2019-06-16,411.0,411.0,404.0,404.0,"44,708"
ADBL,2019-06-17,404.0,406.0,402.0,403.0,"42,955"
ADBL,2019-06-18,403.0,405.0,401.0,402.0,"24,044"
ADBL,2019-06-19,402.0,404.0,400.0,404.0,"23,061"
ADBL,2019-06-20,409.0,409.0,403.0,406.0,"11,029"
ADBL,2019-06-23,405.0,407.0,403.0,405.0,"6,869"
ADBL,2019-06-24,403.0,413.0,403.0,411.0,"37,528"
ADBL,2019-06-25,413.0,417.0,411.0,416.0,"25,298"
ADBL,2019-06-26,418.0,418.0,412.0,413.0,"17,369"
ADBL,2019-06-27,413.0,413.0,410.0,413.0,"18,552"
ADBL,2019-06-30,413.0,413.0,406.0,407.0,"11,120"
ADBL,2019-07-01,408.0,408.0,404.0,405.0,"12,593"
ADBL,2019-07-02,404.0,413.0,404.0,410.0,"21,391"
ADBL,2019-07-03,408.0,415.0,407.0,414.0,"24,200"
ADBL,2019-07-04,415.0,415.0,410.0,411.0,"16,330"
ADBL,2019-07-07,408.0,410.0,407.0,408.0,"30,964"
ADBL,2019-07-08,410.0,410.0,405.0,406.0,"29,244"
ADBL,2019-07-09,402.0,407.0,401.0,405.0,"9,165"
ADBL,2019-07-10,405.0,407.0,402.0,407.0,"26,313"
ADBL,2019-07-11,407.0,410.0,405.0,405.0,"19,978"
ADBL,2019-07-14,411.0,411.0,405.0,406.0,"10,033"
ADBL,2019-07-15,406.0,408.0,405.0,406.0,"9,018"
ADBL,2019-07-16,426.0,426.0,406.0,409.0,"8,675"
ADBL,2019-07-17,408.0,418.0,408.0,417.0,"29,854"
ADBL,2019-07-18,413.0,423.0,413.0,418.0,"20,493"
ADBL,2019-07-21,414.0,417.0,411.0,414.0,"14,478"
ADBL,2019-07-22,414.0,419.0,414.0,416.0,"19,276"
ADBL,2019-07-23,418.0,435.0,418.0,435.0,"105,508"
ADBL,2019-07-24,435.0,435.0,428.0,433.0,"61,735"
ADBL,2019-07-25,433.0,434.0,427.0,430.0,"97,104"
ADBL,2019-07-28,423.0,429.0,422.0,425.0,"96,129"
ADBL,2019-07-29,425.0,430.0,425.0,427.0,"35,679"
ADBL,2019-07-30,426.0,431.0,426.0,429.0,"31,788"
ADBL,2019-07-31,422.0,433.0,422.0,431.0,"42,713"
ADBL,2019-08-01,436.0,436.0,429.0,430.0,"37,084"
ADBL,2019-08-04,429.0,438.0,424.0,437.0,"68,518"
ADBL,2019-08-05,433.0,437.0,431.0,433.0,"44,680"
ADBL,2019-08-06,441.0,442.0,430.0,432.0,"196,356"
ADBL,2019-08-07,426.0,439.0,426.0,435.0,"56,560"
ADBL,2019-08-08,435.0,435.0,429.0,431.0,"34,679"
ADBL,2019-08-11,430.0,431.0,428.0,430.0,"25,832"
ADBL,2019-08-12,433.0,433.0,429.0,431.0,"20,621"
ADBL,2019-08-13,431.0,437.0,428.0,428.0,"17,896"
ADBL,2019-08-14,426.0,430.0,425.0,429.0,"13,082"
ADBL,2019-08-15,427.0,433.0,425.0,430.0,"36,318"
ADBL,2019-08-18,430.0,433.0,429.0,430.0,"36,698"
ADBL,2019-08-19,431.0,434.0,429.0,431.0,"38,717"
ADBL,2019-08-20,431.0,432.0,427.0,427.0,"17,383"
ADBL,2019-08-21,425.0,430.0,425.0,429.0,"20,878"
ADBL,2019-08-22,429.0,430.0,425.0,428.0,"28,290"
ADBL,2019-08-25,423.0,427.0,423.0,427.0,"20,297"
ADBL,2019-08-26,430.0,430.0,425.0,425.0,"16,088"
ADBL,2019-08-27,425.0,429.0,424.0,426.0,"14,181"
ADBL,2019-08-28,424.0,427.0,424.0,425.0,"21,023"
ADBL,2019-08-29,427.0,427.0,423.0,426.0,"11,405"
ADBL,2019-09-01,428.0,428.0,421.0,421.0,"17,893"
ADBL,2019-09-02,424.0,424.0,414.0,417.0,"43,531"
ADBL,2019-09-03,415.0,426.0,412.0,424.0,"36,698"
ADBL,2019-09-04,425.0,429.0,420.0,426.0,"22,525"
ADBL,2019-09-05,425.0,427.0,425.0,425.0,"15,371"
ADBL,2019-09-08,427.0,427.0,421.0,422.0,"8,733"
ADBL,2019-09-09,425.0,425.0,416.0,418.0,"19,723"
ADBL,2019-09-10,416.0,419.0,416.0,418.0,"21,628"
ADBL,2019-09-11,417.0,420.0,416.0,418.0,"22,008"
ADBL,2019-09-12,418.0,420.0,416.0,416.0,"27,640"
ADBL,2019-09-15,415.0,418.0,413.0,413.0,"18,691"
ADBL,2019-09-16,413.0,414.0,408.0,408.0,"23,477"
ADBL,2019-09-17,410.0,418.0,410.0,418.0,"22,549"
ADBL,2019-09-18,420.0,423.0,419.0,423.0,"28,150"
ADBL,2019-09-19,425.0,425.0,419.0,419.0,"11,420"
ADBL,2019-09-22,413.0,415.0,412.0,414.0,"14,749"
ADBL,2019-09-23,413.0,415.0,412.0,414.0,"17,256"
ADBL,2019-09-24,411.0,412.0,410.0,412.0,"8,687"
ADBL,2019-09-25,407.0,412.0,407.0,412.0,"11,862"
ADBL,2019-09-26,412.0,412.0,409.0,410.0,"13,312"
ADBL,2019-09-29,410.0,418.0,407.0,418.0,"23,666"
ADBL,2019-09-30,412.0,415.0,411.0,415.0,"9,318"
ADBL,2019-10-01,412.0,418.0,412.0,417.0,"11,045"
ADBL,2019-10-02,417.0,417.0,411.0,411.0,"3,711"
ADBL,2019-10-03,415.0,418.0,415.0,416.0,"3,319"
ADBL,2019-10-10,413.0,415.0,412.0,415.0,"1,419"
ADBL,2019-10-14,415.0,415.0,409.0,410.0,"15,531"
ADBL,2019-10-15,412.0,416.0,410.0,413.0,"34,190"
ADBL,2019-10-20,412.0,414.0,411.0,413.0,"11,108"
ADBL,2019-10-21,412.0,415.0,411.0,412.0,"13,609"
ADBL,2019-10-22,411.0,413.0,409.0,411.0,"7,228"
ADBL,2019-10-23,415.0,416.0,411.0,413.0,"2,992"
ADBL,2019-10-24,415.0,416.0,412.0,414.0,"9,027"
ADBL,2019-10-31,411.0,417.0,410.0,413.0,"4,949"
ADBL,2019-11-03,412.0,413.0,410.0,412.0,"4,909"
ADBL,2019-11-04,414.0,414.0,410.0,413.0,"13,907"
ADBL,2019-11-05,415.0,416.0,413.0,416.0,"12,478"
ADBL,2019-11-06,415.0,417.0,415.0,415.0,"16,754"
ADBL,2019-11-07,417.0,417.0,414.0,415.0,"18,305"
ADBL,2019-11-10,414.0,419.0,410.0,419.0,"11,958"
ADBL,2019-11-11,414.0,421.0,414.0,421.0,"3,581"
ADBL,2019-11-12,425.0,425.0,417.0,417.0,"12,550"
ADBL,2019-11-13,414.0,417.0,413.0,416.0,"23,563"
ADBL,2019-11-14,417.0,417.0,415.0,417.0,"18,775"
ADBL,2019-11-17,420.0,423.0,410.0,415.0,"11,182"
ADBL,2019-11-18,415.0,418.0,415.0,418.0,"52,113"
ADBL,2019-11-19,420.0,420.0,415.0,416.0,"21,222"
ADBL,2019-11-20,415.0,418.0,415.0,416.0,"12,638"
ADBL,2019-11-21,418.0,418.0,408.0,412.0,"9,107"
ADBL,2019-11-24,409.0,410.0,404.0,404.0,"14,677"
ADBL,2019-11-25,405.0,412.0,404.0,409.0,"5,669"
ADBL,2019-11-26,410.0,410.0,402.0,405.0,"11,131"
ADBL,2019-11-27,403.0,409.0,403.0,409.0,"5,247"
ADBL,2019-11-28,409.0,409.0,404.0,404.0,"5,609"
ADBL,2019-12-01,405.0,405.0,402.0,404.0,"5,892"
ADBL,2019-12-02,404.0,405.0,400.0,403.0,"17,229"
ADBL,2019-12-03,401.0,403.0,401.0,401.0,"6,534"
ADBL,2019-12-04,401.0,406.0,401.0,405.0,"11,388"
ADBL,2019-12-05,405.0,407.0,403.0,405.0,"6,589"
ADBL,2019-12-08,406.0,409.0,403.0,409.0,"6,252"
ADBL,2019-12-09,408.0,415.0,404.0,411.0,"10,680"
ADBL,2019-12-10,410.0,418.0,406.0,415.0,"67,690"
ADBL,2019-12-11,416.0,418.0,414.0,414.0,"13,042"
ADBL,2019-12-12,415.0,415.0,409.0,412.0,"21,051"
ADBL,2019-12-15,412.0,416.0,409.0,410.0,"14,825"
ADBL,2019-12-16,415.0,415.0,406.0,406.0,"9,861"
ADBL,2019-12-17,405.0,410.0,405.0,407.0,"6,407"
ADBL,2019-12-18,405.0,410.0,405.0,406.0,"9,668"
ADBL,2019-12-19,404.0,407.0,403.0,404.0,"5,118"
ADBL,2019-12-22,407.0,414.0,407.0,412.0,"13,018"
ADBL,2019-12-23,414.0,414.0,407.0,412.0,"20,783"
ADBL,2019-12-24,415.0,416.0,412.0,413.0,"19,873"
ADBL,2019-12-25,412.0,415.0,412.0,414.0,"31,149"
ADBL,2019-12-26,414.0,417.0,413.0,417.0,"103,337"
ADBL,2019-12-29,386.0,386.0,366.0,370.0,"20,987"
ADBL,2019-12-30,369.0,369.0,361.0,365.0,"8,211"
ADBL,2019-12-31,365.0,366.0,361.0,366.0,"8,569"
ADBL,2020-01-01,364.0,367.0,359.0,367.0,"7,109"
ADBL,2020-01-02,367.0,368.0,359.0,359.0,"6,793"
ADBL,2020-01-05,360.0,364.0,360.0,363.0,"11,390"
ADBL,2020-01-06,365.0,372.0,365.0,371.0,"26,892"
ADBL,2020-01-07,375.0,376.0,370.0,373.0,"9,507"
ADBL,2020-01-08,372.0,373.0,369.0,369.0,"10,093"
ADBL,2020-01-09,369.0,369.0,363.0,365.0,"11,059"
ADBL,2020-01-12,371.0,373.0,366.0,372.0,"17,268"
ADBL,2020-01-13,374.0,382.0,374.0,376.0,"39,441"
ADBL,2020-01-14,375.0,380.0,375.0,378.0,"11,083"
ADBL,2020-01-15,385.0,386.0,378.0,386.0,"22,021"
ADBL,2020-01-16,389.0,398.0,386.0,391.0,"30,689"
ADBL,2020-01-19,395.0,398.0,392.0,396.0,"37,203"
ADBL,2020-01-20,402.0,407.0,386.0,389.0,"50,503"
ADBL,2020-01-21,396.0,397.0,385.0,389.0,"20,945"
ADBL,2020-01-22,395.0,395.0,383.0,386.0,"13,717"
ADBL,2020-01-23,390.0,390.0,380.0,382.0,"11,817"
ADBL,2020-01-26,379.0,384.0,372.0,372.0,"18,472"
ADBL,2020-01-27,368.0,387.0,368.0,387.0,"23,768"
ADBL,2020-01-28,387.0,389.0,380.0,386.0,"14,063"
ADBL,2020-01-29,380.0,387.0,379.0,384.0,"8,241"
ADBL,2020-01-30,385.0,388.0,383.0,384.0,"10,082"
ADBL,2020-02-02,384.0,392.0,383.0,390.0,"25,714"
ADBL,2020-02-03,391.0,395.0,388.0,388.0,"22,861"
ADBL,2020-02-04,392.0,396.0,385.0,386.0,"32,960"
ADBL,2020-02-05,390.0,390.0,382.0,385.0,"12,291"
ADBL,2020-02-06,383.0,390.0,382.0,385.0,"11,711"
ADBL,2020-02-09,382.0,384.0,380.0,381.0,"11,030"
ADBL,2020-02-10,382.0,385.0,377.0,380.0,"14,196"
ADBL,2020-02-11,386.0,390.0,382.0,385.0,"13,972"
ADBL,2020-02-12,392.0,392.0,383.0,388.0,"34,048"
ADBL,2020-02-13,386.0,388.0,380.0,384.0,"20,972"
ADBL,2020-02-16,385.0,390.0,383.0,390.0,"29,836"
ADBL,2020-02-17,392.0,401.0,390.0,396.0,"42,746"
ADBL,2020-02-18,402.0,408.0,395.0,398.0,"42,822"
